ID,YEAR,DAY,PRCP,SNOW,TMAX,TMIN,AWND
2010-1,2010,1,0.00,0.0,35,26,7.6
2010-2,2010,2,0.43,6.4,30,21,15.4
2010-3,2010,3,0.20,3.7,31,17,20.8
2010-4,2010,4,0.00,0.0,35,26,15.7
2010-5,2010,5,0.00,0.0,34,27,10.1
2010-6,2010,6,0.00,0.0,34,24,13.2
2010-7,2010,7,0.00,0.0,41,27,13.2
2010-8,2010,8,0.01,0.2,29,21,8.3
2010-9,2010,9,0.00,0.0,27,13,14.8
2010-10,2010,10,0.00,0.0,28,11,11.4
2010-11,2010,11,0.00,0.0,36,17,10.5
2010-12,2010,12,0.00,0.0,34,16,13.4
2010-13,2010,13,0.00,0.0,30,14,13.0
2010-14,2010,14,0.00,0.0,33,21,6.5
2010-15,2010,15,0.00,0.0,46,31,12.1
2010-16,2010,16,0.00,0.0,48,32,10.5
2010-17,2010,17,0.43,0.0,41,31,9.2
2010-18,2010,18,0.71,1.9,34,31,18.8
2010-19,2010,19,0.30,0.8,36,31,4.0
2010-20,2010,20,0.00,0.0,37,31,9.2
2010-21,2010,21,0.00,0.0,41,28,9.6
2010-22,2010,22,0.00,0.0,37,25,9.8
2010-23,2010,23,0.00,0.0,33,23,6.5
2010-24,2010,24,0.00,0.0,41,25,5.6
2010-25,2010,25,0.81,0.0,57,37,17.0
2010-26,2010,26,0.00,0.0,52,35,13.4
2010-27,2010,27,0.00,0.0,43,32,11.2
2010-28,2010,28,0.02,0.2,37,20,13.4
2010-29,2010,29,0.00,0.0,21,10,24.6
2010-30,2010,30,0.00,0.0,22,6,11.4
2010-31,2010,31,0.00,0.0,29,13,11.9
2010-32,2010,32,0.00,0.0,35,22,15.2
2010-33,2010,33,0.00,0.0,31,24,7.4
2010-34,2010,34,0.02,0.4,33,25,5.6
2010-35,2010,35,0.00,0.0,34,25,12.8
2010-36,2010,36,0.00,0.0,35,22,10.3
2010-37,2010,37,0.00,0.0,25,18,13.6
2010-38,2010,38,0.00,0.0,34,14,16.6
2010-39,2010,39,0.00,0.0,33,22,15.9
2010-40,2010,40,0.00,0.0,41,23,10.5
2010-41,2010,41,0.20,1.2,36,29,15.2
2010-42,2010,42,0.00,0.0,40,29,15.7
2010-43,2010,43,0.00,0.0,39,25,13.4
2010-44,2010,44,0.00,0.0,38,23,12.1
2010-45,2010,45,0.00,0.0,41,27,17.4
2010-46,2010,46,0.00,0.0,40,30,13.2
2010-47,2010,47,0.65,5.3,34,30,12.1
2010-48,2010,48,0.00,0.0,37,28,13.0
2010-49,2010,49,0.00,0.0,46,33,15.4
2010-50,2010,50,0.00,0.0,43,31,17.4
2010-51,2010,51,0.00,0.0,50,34,14.1
2010-52,2010,52,0.00,0.0,42,32,14.1
2010-53,2010,53,0.00,0.0,46,30,10.1
2010-54,2010,54,0.00,0.0,40,33,13.4
2010-55,2010,55,1.12,0.0,42,36,17.0
2010-56,2010,56,1.28,0.0,45,37,17.2
2010-57,2010,57,0.03,0.0,44,34,17.4
2010-58,2010,58,0.04,0.1,40,31,7.6
2010-59,2010,59,0.00,0.0,38,29,8.5
2010-60,2010,60,0.31,0.2,48,34,19.7
2010-61,2010,61,0.00,0.0,43,36,8.5
2010-62,2010,62,0.02,0.0,38,34,17.4
2010-63,2010,63,0.06,0.0,36,33,13.4
2010-64,2010,64,0.00,0.0,42,31,12.3
2010-65,2010,65,0.00,0.0,57,31,10.1
2010-66,2010,66,0.00,0.0,57,37,11.4
2010-67,2010,67,0.00,0.0,59,42,12.3
2010-68,2010,68,0.00,0.0,53,37,9.4
2010-69,2010,69,0.00,0.0,44,33,7.2
2010-70,2010,70,0.08,0.0,45,35,6.3
2010-71,2010,71,0.00,0.0,44,39,12.1
2010-72,2010,72,1.47,0.0,41,39,22.8
2010-73,2010,73,3.40,0.0,44,40,29.5
2010-74,2010,74,2.11,0.0,44,38,26.4
2010-75,2010,75,0.00,0.0,50,36,11.6
2010-76,2010,76,0.00,0.0,65,35,7.6
2010-77,2010,77,0.00,0.0,66,48,11.4
2010-78,2010,78,0.00,0.0,61,43,5.8
2010-79,2010,79,0.00,0.0,72,45,7.6
2010-80,2010,80,0.00,0.0,54,41,9.6
2010-81,2010,81,0.08,0.0,43,41,8.3
2010-82,2010,82,2.22,0.0,46,42,15.9
2010-83,2010,83,0.02,0.0,52,40,17.0
2010-84,2010,84,0.00,0.0,65,39,11.6
2010-85,2010,85,0.17,0.0,53,30,13.4
2010-86,2010,86,0.00,0.0,34,25,12.1
2010-87,2010,87,0.00,0.0,48,29,10.7
2010-88,2010,88,1.96,0.0,54,45,12.3
2010-89,2010,89,2.93,0.0,50,44,20.6
2010-90,2010,90,0.04,0.0,47,43,7.8
2010-91,2010,91,0.00,0.0,55,44,7.6
2010-92,2010,92,0.00,0.0,55,41,6.9
2010-93,2010,93,0.00,0.0,76,46,10.7
2010-94,2010,94,0.00,0.0,77,50,11.4
2010-95,2010,95,0.00,0.0,72,49,10.1
2010-96,2010,96,0.00,0.0,67,47,6.7
2010-97,2010,97,0.00,0.0,90,45,8.7
2010-98,2010,98,0.00,0.0,60,46,10.1
2010-99,2010,99,0.88,0.0,58,43,8.5
2010-100,2010,100,0.00,0.0,58,41,15.7
2010-101,2010,101,0.00,0.0,70,48,12.3
2010-102,2010,102,0.00,0.0,61,44,8.5
2010-103,2010,103,0.00,0.0,50,43,9.4
2010-104,2010,104,0.00,0.0,66,40,8.3
2010-105,2010,105,0.00,0.0,60,43,12.3
2010-106,2010,106,0.39,0.0,44,37,10.1
2010-107,2010,107,0.15,0.0,43,39,10.3
2010-108,2010,108,0.08,0.0,51,40,8.3
2010-109,2010,109,0.00,0.0,61,40,12.3
2010-110,2010,110,0.00,0.0,69,48,8.3
2010-111,2010,111,0.00,0.0,69,47,9.2
2010-112,2010,112,0.15,0.0,68,48,8.5
2010-113,2010,113,0.01,0.0,61,49,10.1
2010-114,2010,114,0.00,0.0,63,48,13.0
2010-115,2010,115,0.00,0.0,62,50,10.7
2010-116,2010,116,0.03,0.0,53,47,8.3
2010-117,2010,117,0.06,0.0,50,39,10.1
2010-118,2010,118,0.03,0.0,47,35,16.1
2010-119,2010,119,0.00,0.0,62,44,17.9
2010-120,2010,120,0.00,0.0,76,46,13.0
2010-121,2010,121,0.00,0.0,71,56,6.9
2010-122,2010,122,0.00,0.0,87,55,7.2
2010-123,2010,123,0.02,0.0,83,67,15.4
2010-124,2010,124,0.02,0.0,82,59,13.4
2010-125,2010,125,0.00,0.0,78,57,12.1
2010-126,2010,126,0.00,0.0,78,57,16.1
2010-127,2010,127,0.00,0.0,73,52,11.6
2010-128,2010,128,1.20,0.0,61,49,8.1
2010-129,2010,129,0.00,0.0,55,42,20.8
2010-130,2010,130,0.00,0.0,59,40,14.5
2010-131,2010,131,0.00,0.0,54,40,10.3
2010-132,2010,132,0.00,0.0,53,47,6.9
2010-133,2010,133,0.00,0.0,68,45,8.3
2010-134,2010,134,0.47,0.0,68,51,7.6
2010-135,2010,135,0.00,0.0,71,56,12.8
2010-136,2010,136,0.00,0.0,74,54,11.2
2010-137,2010,137,0.00,0.0,73,53,10.5
2010-138,2010,138,0.88,0.0,62,48,8.1
2010-139,2010,139,0.20,0.0,57,48,15.9
2010-140,2010,140,0.00,0.0,84,53,7.8
2010-141,2010,141,0.00,0.0,69,54,8.9
2010-142,2010,142,0.00,0.0,74,53,8.1
2010-143,2010,143,0.00,0.0,64,54,5.8
2010-144,2010,144,0.00,0.0,81,56,7.8
2010-145,2010,145,0.00,0.0,85,63,8.5
2010-146,2010,146,0.06,0.0,94,58,11.2
2010-147,2010,147,0.05,0.0,70,56,10.5
2010-148,2010,148,0.00,0.0,69,57,9.6
2010-149,2010,149,0.00,0.0,79,57,10.5
2010-150,2010,150,0.00,0.0,82,65,11.4
2010-151,2010,151,0.00,0.0,74,60,11.6
2010-152,2010,152,0.43,0.0,85,61,11.4
2010-153,2010,153,0.00,0.0,73,60,8.5
2010-154,2010,154,0.70,0.0,84,60,10.5
2010-155,2010,155,0.00,0.0,76,59,8.3
2010-156,2010,156,0.71,0.0,85,64,11.2
2010-157,2010,157,0.71,0.0,82,58,11.0
2010-158,2010,158,0.00,0.0,74,56,12.1
2010-159,2010,159,0.00,0.0,72,57,12.1
2010-160,2010,160,0.04,0.0,71,55,9.6
2010-161,2010,161,0.10,0.0,59,53,7.8
2010-162,2010,162,0.00,0.0,66,55,7.4
2010-163,2010,163,0.18,0.0,70,59,6.7
2010-164,2010,164,0.02,0.0,66,58,7.2
2010-165,2010,165,0.00,0.0,72,58,5.8
2010-166,2010,166,0.00,0.0,70,59,7.6
2010-167,2010,167,0.02,0.0,78,58,7.6
2010-168,2010,168,0.00,0.0,74,61,10.3
2010-169,2010,169,0.00,0.0,88,63,8.7
2010-170,2010,170,0.00,0.0,84,66,13.6
2010-171,2010,171,0.16,0.0,90,67,9.6
2010-172,2010,172,0.00,0.0,85,68,6.3
2010-173,2010,173,0.00,0.0,76,66,6.5
2010-174,2010,174,0.06,0.0,87,66,10.1
2010-175,2010,175,0.05,0.0,94,68,12.5
2010-176,2010,176,0.00,0.0,79,68,10.5
2010-177,2010,177,0.00,0.0,86,68,9.6
2010-178,2010,178,0.00,0.0,76,65,6.0
2010-179,2010,179,0.00,0.0,94,65,11.4
2010-180,2010,180,0.00,0.0,91,71,13.0
2010-181,2010,181,0.00,0.0,78,63,12.1
2010-182,2010,182,0.00,0.0,76,61,13.0
2010-183,2010,183,0.00,0.0,76,60,10.7
2010-184,2010,184,0.00,0.0,87,61,7.4
2010-185,2010,185,0.00,0.0,95,73,10.7
2010-186,2010,186,0.00,0.0,89,77,8.1
2010-187,2010,187,0.00,0.0,100,75,7.6
2010-188,2010,188,0.00,0.0,83,73,7.6
2010-189,2010,189,0.00,0.0,88,71,11.0
2010-190,2010,190,0.00,0.0,91,73,10.5
2010-191,2010,191,1.65,0.0,88,70,8.3
2010-192,2010,192,0.01,0.0,83,69,8.1
2010-193,2010,193,0.25,0.0,88,69,8.5
2010-194,2010,194,0.04,0.0,86,72,9.2
2010-195,2010,195,0.11,0.0,79,67,6.9
2010-196,2010,196,0.00,0.0,75,65,7.2
2010-197,2010,197,0.02,0.0,91,66,11.2
2010-198,2010,198,0.00,0.0,93,74,11.9
2010-199,2010,199,0.00,0.0,91,76,12.1
2010-200,2010,200,0.00,0.0,87,68,10.5
2010-201,2010,201,0.00,0.0,80,69,7.2
2010-202,2010,202,0.05,0.0,88,68,8.9
2010-203,2010,203,0.00,0.0,86,68,13.4
2010-204,2010,204,0.49,0.0,82,65,7.8
2010-205,2010,205,0.00,0.0,80,67,4.7
2010-206,2010,206,0.00,0.0,90,70,13.4
2010-207,2010,207,0.00,0.0,85,67,13.6
2010-208,2010,208,0.00,0.0,92,68,9.2
2010-209,2010,209,0.00,0.0,91,70,13.9
2010-210,2010,210,0.04,0.0,90,70,13.0
2010-211,2010,211,0.00,0.0,77,65,7.6
2010-212,2010,212,0.00,0.0,72,61,8.1
2010-213,2010,213,0.00,0.0,77,61,10.1
2010-214,2010,214,0.00,0.0,80,65,10.1
2010-215,2010,215,0.00,0.0,87,68,15.9
2010-216,2010,216,0.00,0.0,92,74,15.0
2010-217,2010,217,0.99,0.0,90,75,10.1
2010-218,2010,218,0.00,0.0,87,66,12.3
2010-219,2010,219,0.00,0.0,81,62,7.2
2010-220,2010,220,0.00,0.0,87,63,11.9
2010-221,2010,221,0.00,0.0,93,72,12.3
2010-222,2010,222,0.07,0.0,84,65,7.6
2010-223,2010,223,0.00,0.0,76,65,6.9
2010-224,2010,224,0.00,0.0,75,63,7.6
2010-225,2010,225,0.00,0.0,73,63,6.9
2010-226,2010,226,0.00,0.0,77,60,8.3
2010-227,2010,227,0.00,0.0,82,61,8.7
2010-228,2010,228,0.21,0.0,80,64,11.9
2010-229,2010,229,0.00,0.0,92,73,8.9
2010-230,2010,230,0.00,0.0,81,68,6.0
2010-231,2010,231,0.00,0.0,82,65,8.5
2010-232,2010,232,0.00,0.0,86,67,8.9
2010-233,2010,233,0.00,0.0,73,62,6.9
2010-234,2010,234,0.24,0.0,70,65,10.1
2010-235,2010,235,0.70,0.0,65,62,19.2
2010-236,2010,236,0.78,0.0,63,61,18.6
2010-237,2010,237,2.76,0.0,65,61,15.0
2010-238,2010,238,0.00,0.0,83,64,10.1
2010-239,2010,239,0.00,0.0,79,61,8.7
2010-240,2010,240,0.00,0.0,82,61,8.1
2010-241,2010,241,0.00,0.0,94,66,8.5
2010-242,2010,242,0.00,0.0,92,71,9.6
2010-243,2010,243,0.00,0.0,96,75,7.4
2010-244,2010,244,0.00,0.0,94,77,8.5
2010-245,2010,245,0.00,0.0,95,73,11.9
2010-246,2010,246,0.34,0.0,82,70,9.4
2010-247,2010,247,0.02,0.0,83,66,16.1
2010-248,2010,248,0.00,0.0,75,59,13.0
2010-249,2010,249,0.00,0.0,77,58,8.7
2010-250,2010,250,0.00,0.0,86,65,13.2
2010-251,2010,251,0.28,0.0,84,64,12.8
2010-252,2010,252,0.00,0.0,74,61,12.5
2010-253,2010,253,0.00,0.0,70,61,10.5
2010-254,2010,254,0.00,0.0,69,58,8.7
2010-255,2010,255,0.00,0.0,65,56,7.6
2010-256,2010,256,0.10,0.0,67,58,6.7
2010-257,2010,257,0.05,0.0,75,56,10.1
2010-258,2010,258,0.00,0.0,70,56,11.4
2010-259,2010,259,0.14,0.0,71,53,11.4
2010-260,2010,260,0.15,0.0,71,56,8.1
2010-261,2010,261,0.00,0.0,65,55,5.8
2010-262,2010,262,0.00,0.0,73,56,5.6
2010-263,2010,263,0.00,0.0,72,56,12.5
2010-264,2010,264,0.00,0.0,72,51,11.6
2010-265,2010,265,0.00,0.0,87,62,14.1
2010-266,2010,266,0.00,0.0,76,61,8.7
2010-267,2010,267,0.00,0.0,84,60,13.0
2010-268,2010,268,0.00,0.0,88,67,12.3
2010-269,2010,269,0.00,0.0,69,58,10.5
2010-270,2010,270,0.04,0.0,61,58,10.1
2010-271,2010,271,0.68,0.0,78,60,12.1
2010-272,2010,272,0.00,0.0,83,67,11.2
2010-273,2010,273,0.00,0.0,81,64,16.6
2010-274,2010,274,0.35,0.0,84,58,18.8
2010-275,2010,275,0.00,0.0,67,51,10.7
2010-276,2010,276,0.00,0.0,59,47,13.6
2010-277,2010,277,0.51,0.0,59,52,19.0
2010-278,2010,278,0.09,0.0,58,54,15.7
2010-279,2010,279,1.29,0.0,59,52,13.6
2010-280,2010,280,0.00,0.0,66,50,14.3
2010-281,2010,281,0.00,0.0,73,52,13.0
2010-282,2010,282,0.00,0.0,64,48,13.2
2010-283,2010,283,0.00,0.0,66,46,11.0
2010-284,2010,284,0.00,0.0,69,54,8.1
2010-285,2010,285,0.05,0.0,62,49,7.4
2010-286,2010,286,0.00,0.0,60,45,7.8
2010-287,2010,287,0.26,0.0,60,46,9.8
2010-288,2010,288,1.18,0.0,58,44,22.8
2010-289,2010,289,0.00,0.0,58,44,19.7
2010-290,2010,290,0.00,0.0,66,46,11.4
2010-291,2010,291,0.00,0.0,60,48,12.3
2010-292,2010,292,0.00,0.0,59,43,7.8
2010-293,2010,293,0.00,0.0,62,45,6.5
2010-294,2010,294,0.02,0.0,60,45,11.4
2010-295,2010,295,0.00,0.0,51,41,15.2
2010-296,2010,296,0.00,0.0,59,40,11.9
2010-297,2010,297,0.01,0.0,52,43,3.4
2010-298,2010,298,0.01,0.0,65,50,5.1
2010-299,2010,299,0.00,0.0,73,61,9.6
2010-300,2010,300,0.13,0.0,72,64,13.0
2010-301,2010,301,0.00,0.0,78,56,12.8
2010-302,2010,302,0.00,0.0,58,44,11.6
2010-303,2010,303,0.00,0.0,57,40,14.3
2010-304,2010,304,0.00,0.0,58,37,14.5
2010-305,2010,305,0.00,0.0,51,35,13.0
2010-306,2010,306,0.00,0.0,49,37,8.1
2010-307,2010,307,0.00,0.0,51,32,6.5
2010-308,2010,308,0.78,0.0,52,39,12.3
2010-309,2010,309,0.38,0.0,62,47,8.1
2010-310,2010,310,0.00,0.0,50,42,9.6
2010-311,2010,311,0.14,0.0,45,37,13.6
2010-312,2010,312,0.43,0.0,50,36,20.4
2010-313,2010,313,0.06,0.0,53,46,13.9
2010-314,2010,314,0.07,0.0,48,42,16.8
2010-315,2010,315,0.00,0.0,50,39,13.4
2010-316,2010,316,0.00,0.0,56,39,8.1
2010-317,2010,317,0.00,0.0,61,41,4.5
2010-318,2010,318,0.00,0.0,52,41,7.8
2010-319,2010,319,0.00,0.0,52,47,4.7
2010-320,2010,320,0.04,0.0,53,49,7.8
2010-321,2010,321,0.90,0.0,64,49,19.9
2010-322,2010,322,0.00,0.0,54,41,14.5
2010-323,2010,323,0.00,0.0,45,35,8.5
2010-324,2010,324,0.00,0.0,54,34,13.0
2010-325,2010,325,0.00,0.0,39,32,9.2
2010-326,2010,326,0.00,0.0,56,37,11.0
2010-327,2010,327,0.00,0.0,62,51,9.4
2010-328,2010,328,0.00,0.0,51,34,19.9
2010-329,2010,329,0.00,0.0,41,31,10.1
2010-330,2010,330,0.16,0.0,47,34,9.8
2010-331,2010,331,0.00,0.0,43,32,12.5
2010-332,2010,332,0.00,0.0,45,28,11.0
2010-333,2010,333,0.00,0.0,46,35,6.3
2010-334,2010,334,0.00,0.0,49,34,6.7
2010-335,2010,335,0.38,0.0,56,46,15.4
2010-336,2010,336,0.00,0.0,51,36,14.1
2010-337,2010,337,0.00,0.0,41,34,11.6
2010-338,2010,338,0.00,0.0,43,32,14.1
2010-339,2010,339,0.00,0.0,36,29,11.2
2010-340,2010,340,0.00,0.0,35,27,18.8
2010-341,2010,341,0.00,0.0,37,28,15.4
2010-342,2010,342,0.00,0.0,34,25,16.8
2010-343,2010,343,0.00,0.0,29,19,13.2
2010-344,2010,344,0.00,0.0,28,14,7.2
2010-345,2010,345,0.00,0.0,45,28,4.9
2010-346,2010,346,1.15,0.0,53,30,16.3
2010-347,2010,347,0.17,0.0,57,37,11.9
2010-348,2010,348,0.00,0.0,37,21,13.4
2010-349,2010,349,0.00,0.0,23,18,15.7
2010-350,2010,350,0.00,0.0,34,20,10.3
2010-351,2010,351,0.00,0.0,36,21,7.4
2010-352,2010,352,0.00,0.0,38,24,4.0
2010-353,2010,353,0.00,0.0,37,25,7.8
2010-354,2010,354,0.19,2.6,33,26,14.8
2010-355,2010,355,0.01,0.1,41,27,19.2
2010-356,2010,356,0.03,0.4,39,32,15.2
2010-357,2010,357,0.07,0.7,40,31,18.1
2010-358,2010,358,0.00,0.0,38,27,13.6
2010-359,2010,359,0.00,0.0,31,23,5.8
2010-360,2010,360,0.91,9.9,32,23,18.8
2010-361,2010,361,0.70,8.3,30,19,29.3
2010-362,2010,362,0.00,0.0,35,18,20.8
2010-363,2010,363,0.00,0.0,38,29,10.3
2010-364,2010,364,0.00,0.0,43,29,7.6
2010-365,2010,365,0.00,0.0,50,28,6.7
2011-1,2011,1,0.00,0.0,56,35,6.0
2011-2,2011,2,0.15,0.0,51,38,6.9
2011-3,2011,3,0.00,0.0,38,29,15.4
2011-4,2011,4,0.00,0.0,39,25,10.3
2011-5,2011,5,0.00,0.0,39,28,11.6
2011-6,2011,6,0.00,0.0,32,22,6.3
2011-7,2011,7,0.02,0.3,35,23,9.4
2011-8,2011,8,0.16,1.9,33,27,11.2
2011-9,2011,9,0.13,1.6,35,25,16.8
2011-10,2011,10,0.00,0.0,35,23,16.1
2011-11,2011,11,0.00,0.0,31,21,6.5
2011-12,2011,12,1.40,14.6,35,28,23.7
2011-13,2011,13,0.00,0.0,31,21,17.2
2011-14,2011,14,0.00,0.0,25,18,9.2
2011-15,2011,15,0.00,0.0,33,15,9.6
2011-16,2011,16,0.00,0.0,35,21,13.4
2011-17,2011,17,0.00,0.0,21,14,8.1
2011-18,2011,18,0.95,1.9,40,18,11.0
2011-19,2011,19,0.19,0.0,39,32,8.9
2011-20,2011,20,0.00,0.0,32,26,8.5
2011-21,2011,21,0.73,7.3,30,22,14.1
2011-22,2011,22,0.00,0.0,26,17,8.5
2011-23,2011,23,0.00,0.0,24,5,12.3
2011-24,2011,24,0.00,0.0,13,-2,12.1
2011-25,2011,25,0.05,0.8,32,12,5.4
2011-26,2011,26,0.11,1.1,34,15,9.4
2011-27,2011,27,0.68,8.8,35,24,14.5
2011-28,2011,28,0.00,0.0,33,18,5.1
2011-29,2011,29,0.00,0.0,37,26,5.6
2011-30,2011,30,0.00,0.0,36,26,8.5
2011-31,2011,31,0.00,0.0,26,16,8.3
2011-32,2011,32,0.45,6.8,22,16,9.6
2011-33,2011,33,0.86,3.6,36,20,13.0
2011-34,2011,34,0.00,0.0,28,19,6.9
2011-35,2011,35,0.00,0.0,33,16,12.3
2011-36,2011,36,0.27,0.0,40,22,6.9
2011-37,2011,37,0.00,0.0,42,35,15.2
2011-38,2011,38,0.02,0.0,42,29,6.0
2011-39,2011,39,0.27,0.5,39,17,13.4
2011-40,2011,40,0.00,0.0,31,13,15.2
2011-41,2011,41,0.00,0.0,28,19,11.4
2011-42,2011,42,0.00,0.0,29,13,10.1
2011-43,2011,43,0.00,0.0,39,21,12.8
2011-44,2011,44,0.00,0.0,37,23,13.4
2011-45,2011,45,0.00,0.0,52,35,15.9
2011-46,2011,46,0.00,0.0,35,21,20.4
2011-47,2011,47,0.00,0.0,41,19,9.6
2011-48,2011,48,0.00,0.0,60,36,6.0
2011-49,2011,49,0.05,0.0,60,37,10.3
2011-50,2011,50,0.00,0.0,49,17,22.8
2011-51,2011,51,0.00,0.0,36,17,17.2
2011-52,2011,52,0.08,1.3,30,14,12.1
2011-53,2011,53,0.00,0.0,38,13,12.3
2011-54,2011,54,0.00,0.0,41,22,10.3
2011-55,2011,55,0.00,0.0,44,24,8.7
2011-56,2011,56,1.63,1.0,39,30,12.1
2011-57,2011,57,0.00,0.0,37,28,11.4
2011-58,2011,58,0.31,5.3,32,22,7.6
2011-59,2011,59,0.63,0.0,46,25,8.5
2011-60,2011,60,0.00,0.0,40,29,11.9
2011-61,2011,61,0.02,0.2,48,23,18.6
2011-62,2011,62,0.00,0.0,29,12,13.0
2011-63,2011,63,0.00,0.0,38,19,8.1
2011-64,2011,64,0.00,0.0,55,29,12.3
2011-65,2011,65,0.07,0.0,61,46,15.9
2011-66,2011,66,0.41,0.0,57,29,21.5
2011-67,2011,67,0.00,0.0,39,25,8.1
2011-68,2011,68,0.00,0.0,37,29,13.9
2011-69,2011,69,0.02,0.0,40,36,16.1
2011-70,2011,70,0.52,0.0,51,40,11.4
2011-71,2011,71,0.00,0.0,52,37,12.5
2011-72,2011,72,0.00,0.0,49,37,11.2
2011-73,2011,73,0.00,0.0,42,32,7.8
2011-74,2011,74,0.00,0.0,43,29,9.8
2011-75,2011,75,0.54,0.0,44,34,7.2
2011-76,2011,76,0.00,0.0,63,37,9.2
2011-77,2011,77,0.00,0.0,70,46,18.6
2011-78,2011,78,0.00,0.0,48,35,9.2
2011-79,2011,79,0.00,0.0,40,30,9.8
2011-80,2011,80,0.16,0.3,41,34,10.5
2011-81,2011,81,0.00,0.0,44,35,12.8
2011-82,2011,82,0.00,0.0,40,32,7.8
2011-83,2011,83,0.01,0.2,39,31,10.5
2011-84,2011,84,0.00,0.0,45,30,12.1
2011-85,2011,85,0.00,0.0,41,26,15.4
2011-86,2011,86,0.00,0.0,45,27,16.1
2011-87,2011,87,0.00,0.0,48,28,16.3
2011-88,2011,88,0.00,0.0,49,32,12.3
2011-89,2011,89,0.00,0.0,55,34,10.5
2011-90,2011,90,0.35,0.6,44,33,8.3
2011-91,2011,91,0.45,0.9,40,33,15.2
2011-92,2011,92,0.00,0.0,53,37,15.2
2011-93,2011,93,0.00,0.0,55,40,13.9
2011-94,2011,94,0.38,0.0,50,37,6.7
2011-95,2011,95,0.07,0.0,64,39,17.2
2011-96,2011,96,0.00,0.0,54,36,15.2
2011-97,2011,97,0.00,0.0,46,34,8.1
2011-98,2011,98,0.00,0.0,48,36,8.7
2011-99,2011,99,0.00,0.0,61,35,10.1
2011-100,2011,100,0.04,0.0,65,40,10.5
2011-101,2011,101,0.01,0.0,72,47,13.4
2011-102,2011,102,0.08,0.0,66,47,10.5
2011-103,2011,103,1.33,0.0,49,43,13.4
2011-104,2011,104,0.02,0.0,65,43,11.4
2011-105,2011,105,0.00,0.0,47,37,12.1
2011-106,2011,106,0.07,0.0,46,36,19.0
2011-107,2011,107,0.96,0.0,63,46,17.4
2011-108,2011,108,0.00,0.0,61,44,14.5
2011-109,2011,109,0.15,0.0,52,42,6.5
2011-110,2011,110,0.00,0.0,46,42,9.2
2011-111,2011,111,0.00,0.0,56,41,17.7
2011-112,2011,112,0.00,0.0,50,38,10.1
2011-113,2011,113,0.40,0.0,55,39,10.5
2011-114,2011,114,0.03,0.0,75,54,8.9
2011-115,2011,115,0.01,0.0,57,46,5.8
2011-116,2011,116,0.00,0.0,54,46,7.4
2011-117,2011,117,0.00,0.0,78,47,9.4
2011-118,2011,118,0.03,0.0,70,62,18.3
2011-119,2011,119,0.00,0.0,75,58,11.0
2011-120,2011,120,0.00,0.0,61,48,8.7
2011-121,2011,121,0.00,0.0,55,46,10.7
2011-122,2011,122,0.00,0.0,62,44,9.4
2011-123,2011,123,0.00,0.0,72,54,10.1
2011-124,2011,124,0.37,0.0,67,48,10.3
2011-125,2011,125,0.01,0.0,60,47,13.4
2011-126,2011,126,0.00,0.0,72,46,15.2
2011-127,2011,127,0.36,0.0,70,51,8.1
2011-128,2011,128,0.00,0.0,57,49,7.6
2011-129,2011,129,0.00,0.0,68,52,16.1
2011-130,2011,130,0.00,0.0,57,50,18.8
2011-131,2011,131,0.01,0.0,65,49,15.9
2011-132,2011,132,0.00,0.0,60,51,10.3
2011-133,2011,133,0.00,0.0,59,46,7.6
2011-134,2011,134,0.01,0.0,59,45,7.4
2011-135,2011,135,1.07,0.0,57,50,8.7
2011-136,2011,136,0.38,0.0,50,48,14.3
2011-137,2011,137,0.18,0.0,51,48,13.0
2011-138,2011,138,0.05,0.0,53,50,12.1
2011-139,2011,139,0.50,0.0,61,51,7.6
2011-140,2011,140,0.01,0.0,65,51,5.1
2011-141,2011,141,0.00,0.0,62,49,7.4
2011-142,2011,142,0.00,0.0,53,48,8.7
2011-143,2011,143,0.11,0.0,65,51,10.3
2011-144,2011,144,0.17,0.0,82,64,11.2
2011-145,2011,145,0.00,0.0,74,61,10.5
2011-146,2011,146,0.00,0.0,81,57,10.3
2011-147,2011,147,0.00,0.0,87,65,8.9
2011-148,2011,148,0.00,0.0,75,60,8.1
2011-149,2011,149,0.00,0.0,85,67,11.6
2011-150,2011,150,0.00,0.0,87,64,8.3
2011-151,2011,151,0.00,0.0,74,64,8.1
2011-152,2011,152,0.56,0.0,82,64,14.3
2011-153,2011,153,0.00,0.0,75,58,17.2
2011-154,2011,154,0.00,0.0,71,55,14.1
2011-155,2011,155,0.00,0.0,64,51,9.4
2011-156,2011,156,0.00,0.0,63,49,7.4
2011-157,2011,157,0.00,0.0,70,55,5.8
2011-158,2011,158,0.00,0.0,82,60,6.7
2011-159,2011,159,0.00,0.0,84,62,6.0
2011-160,2011,160,0.51,0.0,92,70,12.5
2011-161,2011,161,0.00,0.0,76,61,9.2
2011-162,2011,162,0.71,0.0,65,55,9.8
2011-163,2011,163,0.33,0.0,58,53,12.5
2011-164,2011,164,0.05,0.0,64,54,6.0
2011-165,2011,165,0.04,0.0,60,55,10.3
2011-166,2011,166,0.00,0.0,69,57,10.1
2011-167,2011,167,0.00,0.0,89,61,10.5
2011-168,2011,168,0.04,0.0,75,65,11.4
2011-169,2011,169,0.07,0.0,83,64,7.6
2011-170,2011,170,0.00,0.0,80,67,11.4
2011-171,2011,171,0.00,0.0,83,62,6.0
2011-172,2011,172,0.00,0.0,76,65,8.9
2011-173,2011,173,1.82,0.0,71,64,7.6
2011-174,2011,174,0.17,0.0,65,59,14.3
2011-175,2011,175,0.01,0.0,61,56,10.5
2011-176,2011,176,0.27,0.0,63,54,7.4
2011-177,2011,177,0.00,0.0,76,61,5.4
2011-178,2011,178,0.00,0.0,78,66,9.2
2011-179,2011,179,0.00,0.0,81,66,8.3
2011-180,2011,180,0.18,0.0,85,68,10.5
2011-181,2011,181,0.00,0.0,82,65,12.1
2011-182,2011,182,0.00,0.0,78,66,7.2
2011-183,2011,183,0.00,0.0,76,66,8.1
2011-184,2011,184,0.03,0.0,82,67,8.3
2011-185,2011,185,0.00,0.0,90,70,7.4
2011-186,2011,186,0.00,0.0,88,68,6.7
2011-187,2011,187,0.00,0.0,92,71,11.0
2011-188,2011,188,0.00,0.0,88,70,8.1
2011-189,2011,189,0.29,0.0,75,68,6.3
2011-190,2011,190,0.12,0.0,86,67,10.5
2011-191,2011,191,0.00,0.0,86,66,8.5
2011-192,2011,192,0.00,0.0,93,68,11.0
2011-193,2011,193,0.00,0.0,95,77,12.8
2011-194,2011,194,0.45,0.0,87,66,9.8
2011-195,2011,195,0.72,0.0,73,63,9.8
2011-196,2011,196,0.00,0.0,79,65,8.3
2011-197,2011,197,0.00,0.0,85,65,9.2
2011-198,2011,198,0.00,0.0,93,71,13.4
2011-199,2011,199,0.00,0.0,86,75,11.9
2011-200,2011,200,0.00,0.0,89,70,6.9
2011-201,2011,201,0.00,0.0,91,70,10.1
2011-202,2011,202,0.00,0.0,97,73,17.4
2011-203,2011,203,0.00,0.0,103,81,11.6
2011-204,2011,204,0.11,0.0,92,72,8.1
2011-205,2011,205,0.02,0.0,84,67,7.8
2011-206,2011,206,0.15,0.0,74,63,6.9
2011-207,2011,207,0.01,0.0,78,65,8.5
2011-208,2011,208,0.00,0.0,84,68,7.4
2011-209,2011,209,0.00,0.0,75,68,8.9
2011-210,2011,210,0.14,0.0,79,66,8.5
2011-211,2011,211,0.00,0.0,89,73,12.1
2011-212,2011,212,0.00,0.0,91,70,8.5
2011-213,2011,213,0.00,0.0,93,72,8.1
2011-214,2011,214,0.60,0.0,92,66,9.6
2011-215,2011,215,0.00,0.0,74,65,6.7
2011-216,2011,216,0.00,0.0,76,67,7.4
2011-217,2011,217,0.00,0.0,75,67,8.9
2011-218,2011,218,0.00,0.0,88,70,9.6
2011-219,2011,219,1.06,0.0,77,71,9.2
2011-220,2011,220,0.29,0.0,80,70,4.5
2011-221,2011,221,1.21,0.0,76,67,11.2
2011-222,2011,222,0.73,0.0,78,66,8.7
2011-223,2011,223,0.00,0.0,82,64,10.7
2011-224,2011,224,0.00,0.0,83,65,6.7
2011-225,2011,225,0.00,0.0,82,66,6.5
2011-226,2011,226,0.02,0.0,77,68,6.7
2011-227,2011,227,1.43,0.0,69,63,14.1
2011-228,2011,228,0.01,0.0,74,62,7.6
2011-229,2011,229,0.00,0.0,84,65,7.2
2011-230,2011,230,0.00,0.0,88,68,11.4
2011-231,2011,231,0.03,0.0,88,72,8.7
2011-232,2011,232,0.00,0.0,84,72,9.2
2011-233,2011,233,0.00,0.0,86,69,11.6
2011-234,2011,234,0.59,0.0,80,68,12.8
2011-235,2011,235,0.00,0.0,79,63,8.9
2011-236,2011,236,0.00,0.0,81,64,12.5
2011-237,2011,237,0.06,0.0,87,68,14.8
2011-238,2011,238,0.03,0.0,84,70,7.6
2011-239,2011,239,0.77,0.0,79,70,5.8
2011-240,2011,240,0.91,0.0,76,67,27.1
2011-241,2011,241,0.00,0.0,80,62,9.6
2011-242,2011,242,0.00,0.0,77,62,6.9
2011-243,2011,243,0.00,0.0,81,63,6.0
2011-244,2011,244,0.00,0.0,71,62,6.7
2011-245,2011,245,0.00,0.0,68,60,6.7
2011-246,2011,246,0.00,0.0,86,60,9.8
2011-247,2011,247,0.00,0.0,85,68,11.6
2011-248,2011,248,0.00,0.0,87,69,13.6
2011-249,2011,249,0.68,0.0,74,60,8.7
2011-250,2011,250,0.30,0.0,63,60,13.0
2011-251,2011,251,1.17,0.0,64,58,6.3
2011-252,2011,252,0.00,0.0,81,58,8.3
2011-253,2011,253,0.00,0.0,71,59,8.5
2011-254,2011,254,0.00,0.0,70,56,8.1
2011-255,2011,255,0.00,0.0,82,62,9.6
2011-256,2011,256,0.00,0.0,85,64,10.3
2011-257,2011,257,0.08,0.0,86,68,8.9
2011-258,2011,258,0.03,0.0,83,55,10.5
2011-259,2011,259,0.00,0.0,65,50,11.4
2011-260,2011,260,0.00,0.0,62,48,6.9
2011-261,2011,261,0.00,0.0,66,51,9.4
2011-262,2011,262,0.00,0.0,65,51,9.2
2011-263,2011,263,0.13,0.0,67,55,8.7
2011-264,2011,264,0.00,0.0,75,59,7.4
2011-265,2011,265,0.05,0.0,73,65,4.7
2011-266,2011,266,0.47,0.0,73,65,6.5
2011-267,2011,267,0.43,0.0,80,65,6.7
2011-268,2011,268,0.00,0.0,78,68,3.8
2011-269,2011,269,0.00,0.0,76,66,4.9
2011-270,2011,270,0.00,0.0,73,64,6.0
2011-271,2011,271,0.00,0.0,70,63,11.0
2011-272,2011,272,0.94,0.0,72,62,9.6
2011-273,2011,273,0.12,0.0,77,58,10.5
2011-274,2011,274,0.34,0.0,71,57,7.8
2011-275,2011,275,0.00,0.0,65,58,9.2
2011-276,2011,276,0.07,0.0,68,56,7.6
2011-277,2011,277,1.12,0.0,68,56,10.1
2011-278,2011,278,0.00,0.0,69,51,13.9
2011-279,2011,279,0.00,0.0,66,48,13.2
2011-280,2011,280,0.00,0.0,62,46,6.7
2011-281,2011,281,0.00,0.0,82,55,8.3
2011-282,2011,282,0.00,0.0,87,65,10.5
2011-283,2011,283,0.00,0.0,85,64,9.4
2011-284,2011,284,0.00,0.0,66,58,7.8
2011-285,2011,285,0.08,0.0,62,57,12.3
2011-286,2011,286,0.93,0.0,63,59,11.2
2011-287,2011,287,0.58,0.0,67,59,11.4
2011-288,2011,288,0.00,0.0,68,56,19.2
2011-289,2011,289,0.00,0.0,66,54,15.0
2011-290,2011,290,0.00,0.0,66,56,14.3
2011-291,2011,291,0.00,0.0,68,55,8.1
2011-292,2011,292,1.17,0.0,59,54,15.2
2011-293,2011,293,0.47,0.0,69,54,13.9
2011-294,2011,294,0.00,0.0,64,53,11.6
2011-295,2011,295,0.00,0.0,63,50,9.2
2011-296,2011,296,0.00,0.0,58,46,5.8
2011-297,2011,297,0.00,0.0,63,43,7.2
2011-298,2011,298,0.01,0.0,62,50,12.5
2011-299,2011,299,0.02,0.0,50,48,5.1
2011-300,2011,300,1.02,0.0,49,34,13.4
2011-301,2011,301,0.00,0.0,49,35,11.2
2011-302,2011,302,0.85,0.4,49,34,16.6
2011-303,2011,303,0.11,0.6,48,34,16.8
2011-304,2011,304,0.00,0.0,52,38,6.7
2011-305,2011,305,0.00,0.0,54,40,7.2
2011-306,2011,306,0.00,0.0,54,39,6.7
2011-307,2011,307,0.00,0.0,63,42,10.1
2011-308,2011,308,0.00,0.0,53,38,13.9
2011-309,2011,309,0.00,0.0,49,36,7.8
2011-310,2011,310,0.00,0.0,59,36,10.5
2011-311,2011,311,0.00,0.0,65,42,8.9
2011-312,2011,312,0.00,0.0,69,51,5.1
2011-313,2011,313,0.00,0.0,67,47,5.6
2011-314,2011,314,1.05,0.0,60,52,4.3
2011-315,2011,315,0.00,0.0,58,41,16.3
2011-316,2011,316,0.00,0.0,53,37,13.0
2011-317,2011,317,0.00,0.0,63,42,11.2
2011-318,2011,318,0.00,0.0,68,54,13.4
2011-319,2011,319,0.00,0.0,67,56,12.1
2011-320,2011,320,0.78,0.0,59,51,4.7
2011-321,2011,321,0.13,0.0,56,39,12.3
2011-322,2011,322,0.00,0.0,45,36,12.8
2011-323,2011,323,0.00,0.0,53,36,16.8
2011-324,2011,324,0.00,0.0,66,49,15.2
2011-325,2011,325,0.00,0.0,59,36,9.6
2011-326,2011,326,0.03,0.0,46,34,6.3
2011-327,2011,327,1.46,0.0,48,34,19.7
2011-328,2011,328,0.00,0.0,46,31,6.3
2011-329,2011,329,0.00,0.0,61,36,10.5
2011-330,2011,330,0.00,0.0,63,45,5.8
2011-331,2011,331,0.00,0.0,55,38,4.0
2011-332,2011,332,0.00,0.0,67,53,12.8
2011-333,2011,333,0.06,0.0,66,52,6.7
2011-334,2011,334,0.70,0.0,64,44,16.6
2011-335,2011,335,0.00,0.0,49,38,10.3
2011-336,2011,336,0.00,0.0,50,35,8.3
2011-337,2011,337,0.00,0.0,45,34,8.1
2011-338,2011,338,0.00,0.0,53,35,8.9
2011-339,2011,339,0.00,0.0,63,44,9.6
2011-340,2011,340,0.09,0.0,61,49,8.9
2011-341,2011,341,1.60,0.0,59,45,6.9
2011-342,2011,342,0.89,0.0,46,37,16.1
2011-343,2011,343,0.00,0.0,52,35,10.1
2011-344,2011,344,0.00,0.0,47,31,9.8
2011-345,2011,345,0.00,0.0,38,28,7.2
2011-346,2011,346,0.00,0.0,49,31,9.2
2011-347,2011,347,0.00,0.0,47,29,6.7
2011-348,2011,348,0.00,0.0,43,37,6.5
2011-349,2011,349,0.05,0.0,54,38,16.6
2011-350,2011,350,0.02,0.0,54,41,15.9
2011-351,2011,351,0.00,0.0,41,28,11.2
2011-352,2011,352,0.00,0.0,28,20,9.8
2011-353,2011,353,0.00,0.0,45,18,14.1
2011-354,2011,354,0.00,0.0,45,32,10.3
2011-355,2011,355,0.09,0.0,58,32,9.6
2011-356,2011,356,0.41,0.0,57,45,11.2
2011-357,2011,357,0.58,0.0,47,31,9.4
2011-358,2011,358,0.00,0.0,31,22,7.6
2011-359,2011,359,0.03,0.0,42,19,7.6
2011-360,2011,360,0.00,0.0,43,30,10.5
2011-361,2011,361,0.18,0.0,56,29,14.1
2011-362,2011,362,0.02,0.0,57,28,19.7
2011-363,2011,363,0.00,0.0,33,23,15.0
2011-364,2011,364,0.00,0.0,44,27,4.0
2011-365,2011,365,0.01,0.0,40,34,6.7
2012-1,2012,1,0.01,0.0,52,39,9.2
2012-2,2012,2,0.01,0.0,50,34,13.9
2012-3,2012,3,0.00,0.0,35,14,14.8
2012-4,2012,4,0.00,0.0,28,10,11.9
2012-5,2012,5,0.00,0.0,39,25,11.4
2012-6,2012,6,0.00,0.0,48,28,5.8
2012-7,2012,7,0.00,0.0,60,30,4.9
2012-8,2012,8,0.00,0.0,45,30,11.6
2012-9,2012,9,0.00,0.0,40,25,7.2
2012-10,2012,10,0.02,0.5,47,30,10.1
2012-11,2012,11,0.00,0.0,38,30,7.6
2012-12,2012,12,0.92,0.0,42,33,19.5
2012-13,2012,13,0.05,0.0,54,31,18.3
2012-14,2012,14,0.00,0.0,34,19,17.2
2012-15,2012,15,0.00,0.0,19,6,15.0
2012-16,2012,16,0.06,1.2,34,10,11.2
2012-17,2012,17,0.09,0.2,48,33,11.0
2012-18,2012,18,0.00,0.0,52,21,20.6
2012-19,2012,19,0.01,0.3,33,17,8.7
2012-20,2012,20,0.05,1.5,32,22,11.0
2012-21,2012,21,0.18,2.9,23,16,10.5
2012-22,2012,22,0.00,0.0,30,15,7.4
2012-23,2012,23,0.20,0.0,47,28,4.7
2012-24,2012,24,0.01,0.0,56,42,11.4
2012-25,2012,25,0.00,0.0,43,36,12.5
2012-26,2012,26,0.17,0.2,41,31,8.1
2012-27,2012,27,0.89,0.0,46,37,10.5
2012-28,2012,28,0.00,0.0,46,38,12.5
2012-29,2012,29,0.00,0.0,43,34,14.8
2012-30,2012,30,0.00,0.0,40,31,13.6
2012-31,2012,31,0.00,0.0,47,30,5.8
2012-32,2012,32,0.00,0.0,59,35,8.1
2012-33,2012,33,0.00,0.0,45,31,11.0
2012-34,2012,34,0.00,0.0,39,25,11.2
2012-35,2012,35,0.00,0.0,43,28,11.9
2012-36,2012,36,0.00,0.0,36,22,6.7
2012-37,2012,37,0.00,0.0,50,28,13.6
2012-38,2012,38,0.00,0.0,46,30,10.3
2012-39,2012,39,0.00,0.0,38,22,7.6
2012-40,2012,40,0.00,0.0,47,30,9.4
2012-41,2012,41,0.00,0.0,50,30,11.2
2012-42,2012,42,0.07,0.0,39,30,10.7
2012-43,2012,43,0.00,0.0,30,16,16.8
2012-44,2012,44,0.00,0.0,41,17,13.9
2012-45,2012,45,0.00,0.0,44,28,5.8
2012-46,2012,46,0.00,0.0,43,34,2.2
2012-47,2012,47,0.04,0.0,45,35,6.3
2012-48,2012,48,0.01,0.0,53,38,10.5
2012-49,2012,49,0.00,0.0,47,34,13.2
2012-50,2012,50,0.00,0.0,46,31,8.5
2012-51,2012,51,0.00,0.0,41,28,11.4
2012-52,2012,52,0.00,0.0,44,28,9.2
2012-53,2012,53,0.00,0.0,57,36,9.4
2012-54,2012,54,0.05,0.0,55,41,12.3
2012-55,2012,55,0.54,0.0,42,36,7.6
2012-56,2012,56,0.00,0.0,45,33,22.8
2012-57,2012,57,0.00,0.0,41,27,15.4
2012-58,2012,58,0.00,0.0,52,26,11.0
2012-59,2012,59,0.00,0.0,48,34,12.8
2012-60,2012,60,0.29,0.9,36,31,8.7
2012-61,2012,61,0.58,0.4,37,25,22.4
2012-62,2012,62,0.00,0.0,35,23,8.5
2012-63,2012,63,0.38,0.1,47,34,9.6
2012-64,2012,64,0.00,0.0,42,34,8.1
2012-65,2012,65,0.00,0.0,38,25,14.1
2012-66,2012,66,0.00,0.0,39,20,11.6
2012-67,2012,67,0.00,0.0,62,32,16.3
2012-68,2012,68,0.00,0.0,68,50,24.2
2012-69,2012,69,0.00,0.0,61,35,11.0
2012-70,2012,70,0.00,0.1,40,31,11.4
2012-71,2012,71,0.00,0.0,58,30,14.3
2012-72,2012,72,0.00,0.0,71,42,6.9
2012-73,2012,73,0.07,0.0,71,49,9.6
2012-74,2012,74,0.00,0.0,57,40,10.5
2012-75,2012,75,0.00,0.0,42,37,8.7
2012-76,2012,76,0.07,0.0,46,37,5.4
2012-77,2012,77,0.00,0.0,49,40,4.7
2012-78,2012,78,0.00,0.0,74,41,10.1
2012-79,2012,79,0.00,0.0,74,45,8.1
2012-80,2012,80,0.00,0.0,67,44,6.0
2012-81,2012,81,0.00,0.0,78,56,10.7
2012-82,2012,82,0.00,0.0,83,56,10.1
2012-83,2012,83,0.00,0.0,76,58,8.3
2012-84,2012,84,0.00,0.0,59,47,8.5
2012-85,2012,85,0.01,0.0,48,42,6.7
2012-86,2012,86,0.00,0.0,50,32,17.0
2012-87,2012,87,0.00,0.0,49,27,14.5
2012-88,2012,88,0.06,0.0,50,39,7.8
2012-89,2012,89,0.01,0.0,46,40,11.4
2012-90,2012,90,0.00,0.0,51,36,11.2
2012-91,2012,91,0.03,0.0,43,36,6.7
2012-92,2012,92,0.19,0.0,51,34,7.4
2012-93,2012,93,0.05,0.0,53,39,12.8
2012-94,2012,94,0.00,0.0,59,36,12.5
2012-95,2012,95,0.00,0.0,64,43,11.9
2012-96,2012,96,0.00,0.0,52,40,12.5
2012-97,2012,97,0.00,0.0,53,37,10.7
2012-98,2012,98,0.00,0.0,52,38,8.1
2012-99,2012,99,0.00,0.0,50,41,9.6
2012-100,2012,100,0.00,0.0,58,43,16.6
2012-101,2012,101,0.00,0.0,63,43,10.5
2012-102,2012,102,0.00,0.0,54,44,9.4
2012-103,2012,103,0.32,0.0,56,43,8.9
2012-104,2012,104,0.00,0.0,65,41,8.1
2012-105,2012,105,0.00,0.0,71,49,10.1
2012-106,2012,106,0.00,0.0,77,54,9.8
2012-107,2012,107,0.00,0.0,87,59,9.6
2012-108,2012,108,0.00,0.0,84,57,11.6
2012-109,2012,109,0.00,0.0,62,49,11.2
2012-110,2012,110,0.00,0.0,66,47,10.7
2012-111,2012,111,0.00,0.0,77,49,12.3
2012-112,2012,112,0.01,0.0,78,54,11.9
2012-113,2012,113,1.04,0.0,62,44,14.3
2012-114,2012,114,1.48,0.0,63,44,15.0
2012-115,2012,115,0.00,0.0,58,46,16.6
2012-116,2012,116,0.00,0.0,62,43,11.9
2012-117,2012,117,0.00,0.0,63,43,10.7
2012-118,2012,118,0.00,0.0,57,40,19.2
2012-119,2012,119,0.00,0.0,60,37,13.4
2012-120,2012,120,0.00,0.0,59,39,12.3
2012-121,2012,121,0.00,0.0,54,41,10.7
2012-122,2012,122,0.60,0.0,50,45,12.5
2012-123,2012,123,0.00,0.0,52,45,9.2
2012-124,2012,124,0.04,0.0,50,46,6.9
2012-125,2012,125,0.01,0.0,56,49,6.7
2012-126,2012,126,0.09,0.0,58,46,3.8
2012-127,2012,127,0.00,0.0,54,46,7.4
2012-128,2012,128,0.00,0.0,59,48,9.2
2012-129,2012,129,0.16,0.0,58,50,11.4
2012-130,2012,130,0.26,0.0,63,56,8.1
2012-131,2012,131,0.85,0.0,67,50,11.9
2012-132,2012,132,0.00,0.0,64,47,10.5
2012-133,2012,133,0.00,0.0,80,50,10.5
2012-134,2012,134,0.00,0.0,80,59,7.2
2012-135,2012,135,0.09,0.0,64,53,5.8
2012-136,2012,136,0.50,0.0,73,56,10.1
2012-137,2012,137,0.06,0.0,73,60,7.4
2012-138,2012,138,0.00,0.0,70,54,9.4
2012-139,2012,139,0.00,0.0,65,49,7.6
2012-140,2012,140,0.00,0.0,66,51,5.1
2012-141,2012,141,0.00,0.0,71,55,6.7
2012-142,2012,142,0.02,0.0,59,54,6.7
2012-143,2012,143,0.58,0.0,63,56,8.3
2012-144,2012,144,0.00,0.0,71,59,5.8
2012-145,2012,145,0.00,0.0,71,60,9.8
2012-146,2012,146,0.00,0.0,74,58,8.3
2012-147,2012,147,0.00,0.0,86,66,9.6
2012-148,2012,148,0.00,0.0,72,64,9.6
2012-149,2012,149,0.00,0.0,69,60,9.2
2012-150,2012,150,0.17,0.0,67,59,7.8
2012-151,2012,151,0.00,0.0,75,61,6.3
2012-152,2012,152,0.00,0.0,83,63,7.6
2012-153,2012,153,0.00,0.0,65,58,11.4
2012-154,2012,154,1.13,0.0,62,55,16.3
2012-155,2012,155,0.01,0.0,62,53,14.3
2012-156,2012,156,0.13,0.0,53,50,17.4
2012-157,2012,157,0.13,0.0,56,50,8.1
2012-158,2012,158,0.00,0.0,61,52,6.9
2012-159,2012,159,0.04,0.0,65,54,6.3
2012-160,2012,160,0.31,0.0,79,54,8.1
2012-161,2012,161,0.00,0.0,79,59,10.1
2012-162,2012,162,0.00,0.0,76,59,8.9
2012-163,2012,163,0.00,0.0,74,57,10.1
2012-164,2012,164,0.01,0.0,74,60,13.0
2012-165,2012,165,0.70,0.0,65,62,7.2
2012-166,2012,166,0.00,0.0,68,61,8.7
2012-167,2012,167,0.00,0.0,69,57,8.5
2012-168,2012,168,0.00,0.0,65,54,10.5
2012-169,2012,169,0.00,0.0,63,52,8.5
2012-170,2012,170,0.00,0.0,64,55,8.3
2012-171,2012,171,0.00,0.0,76,56,10.5
2012-172,2012,172,0.00,0.0,97,66,10.3
2012-173,2012,173,0.00,0.0,96,80,9.2
2012-174,2012,174,0.02,0.0,95,74,10.1
2012-175,2012,175,1.19,0.0,81,65,7.8
2012-176,2012,176,0.00,0.0,84,64,11.0
2012-177,2012,177,0.93,0.0,73,61,9.6
2012-178,2012,178,0.06,0.0,73,61,12.5
2012-179,2012,179,0.00,0.0,77,61,14.1
2012-180,2012,180,0.00,0.0,83,65,9.8
2012-181,2012,181,0.05,0.0,89,66,7.6
2012-182,2012,182,0.00,0.0,90,70,12.5
2012-183,2012,183,0.00,0.0,91,70,9.4
2012-184,2012,184,0.00,0.0,84,69,8.1
2012-185,2012,185,0.00,0.0,86,68,8.9
2012-186,2012,186,0.14,0.0,84,68,8.3
2012-187,2012,187,0.00,0.0,83,70,8.7
2012-188,2012,188,0.00,0.0,80,68,8.1
2012-189,2012,189,0.00,0.0,86,73,9.6
2012-190,2012,190,0.00,0.0,89,71,8.9
2012-191,2012,191,0.00,0.0,84,67,8.1
2012-192,2012,192,0.00,0.0,83,65,7.4
2012-193,2012,193,0.00,0.0,80,66,8.3
2012-194,2012,194,0.00,0.0,86,66,10.7
2012-195,2012,195,0.00,0.0,90,69,11.0
2012-196,2012,196,0.00,0.0,91,72,10.5
2012-197,2012,197,0.00,0.0,91,72,8.7
2012-198,2012,198,0.00,0.0,88,72,9.6
2012-199,2012,199,0.00,0.0,97,76,12.3
2012-200,2012,200,1.74,0.0,89,70,7.8
2012-201,2012,201,0.06,0.0,74,66,7.8
2012-202,2012,202,0.00,0.0,71,64,6.9
2012-203,2012,203,0.00,0.0,74,61,6.7
2012-204,2012,204,0.00,0.0,84,61,10.5
2012-205,2012,205,0.02,0.0,86,66,11.2
2012-206,2012,206,0.55,0.0,91,68,10.3
2012-207,2012,207,0.00,0.0,83,65,10.5
2012-208,2012,208,0.00,0.0,84,66,7.6
2012-209,2012,209,0.02,0.0,77,64,5.6
2012-210,2012,210,0.87,0.0,72,63,6.9
2012-211,2012,211,0.00,0.0,73,64,8.9
2012-212,2012,212,0.00,0.0,81,63,8.3
2012-213,2012,213,0.48,0.0,73,63,8.5
2012-214,2012,214,0.80,0.0,78,68,8.5
2012-215,2012,215,0.00,0.0,86,68,8.3
2012-216,2012,216,0.00,0.0,92,72,11.4
2012-217,2012,217,0.00,0.0,82,74,7.4
2012-218,2012,218,0.08,0.0,88,72,12.5
2012-219,2012,219,0.00,0.0,85,71,10.3
2012-220,2012,220,0.00,0.0,77,67,7.8
2012-221,2012,221,0.00,0.0,83,66,8.3
2012-222,2012,222,0.00,0.0,83,69,9.8
2012-223,2012,223,1.17,0.0,84,69,8.9
2012-224,2012,224,0.00,0.0,81,71,7.6
2012-225,2012,225,0.01,0.0,84,72,9.4
2012-226,2012,226,0.00,0.0,86,71,8.3
2012-227,2012,227,0.00,0.0,83,70,7.4
2012-228,2012,228,0.83,0.0,84,66,7.6
2012-229,2012,229,0.00,0.0,85,67,7.6
2012-230,2012,230,0.00,0.0,86,66,10.3
2012-231,2012,231,0.04,0.0,72,64,6.0
2012-232,2012,232,0.00,0.0,73,61,6.3
2012-233,2012,233,0.00,0.0,75,62,6.7
2012-234,2012,234,0.00,0.0,83,66,7.6
2012-235,2012,235,0.00,0.0,78,66,7.4
2012-236,2012,236,0.00,0.0,87,66,8.5
2012-237,2012,237,0.00,0.0,78,68,6.3
2012-238,2012,238,0.00,0.0,77,66,6.7
2012-239,2012,239,0.00,0.0,76,64,6.5
2012-240,2012,240,0.00,0.0,85,62,10.7
2012-241,2012,241,0.15,0.0,86,68,8.7
2012-242,2012,242,0.00,0.0,75,62,8.9
2012-243,2012,243,0.00,0.0,83,60,12.3
2012-244,2012,244,0.00,0.0,90,68,14.5
2012-245,2012,245,0.00,0.0,80,63,8.3
2012-246,2012,246,0.00,0.0,73,62,6.3
2012-247,2012,247,0.00,0.0,72,59,8.5
2012-248,2012,248,0.44,0.0,73,63,6.5
2012-249,2012,249,0.66,0.0,82,66,9.6
2012-250,2012,250,0.00,0.0,79,65,5.8
2012-251,2012,251,0.43,0.0,82,68,7.6
2012-252,2012,252,0.71,0.0,82,67,14.8
2012-253,2012,253,0.00,0.0,75,62,6.9
2012-254,2012,254,0.00,0.0,69,56,12.5
2012-255,2012,255,0.00,0.0,73,53,8.1
2012-256,2012,256,0.00,0.0,73,53,6.7
2012-257,2012,257,0.00,0.0,82,60,8.7
2012-258,2012,258,0.00,0.0,81,61,10.3
2012-259,2012,259,0.12,0.0,74,59,11.0
2012-260,2012,260,0.00,0.0,71,54,8.1
2012-261,2012,261,0.00,0.0,70,53,6.7
2012-262,2012,262,0.09,0.0,75,58,17.9
2012-263,2012,263,0.61,0.0,72,55,11.2
2012-264,2012,264,0.00,0.0,62,51,8.9
2012-265,2012,265,0.00,0.0,63,51,6.7
2012-266,2012,266,0.00,0.0,67,56,7.6
2012-267,2012,267,0.02,0.0,71,56,11.0
2012-268,2012,268,0.00,0.0,67,51,8.9
2012-269,2012,269,0.00,0.0,73,49,13.9
2012-270,2012,270,0.00,0.0,74,59,12.1
2012-271,2012,271,0.00,0.0,69,55,8.5
2012-272,2012,272,0.79,0.0,58,54,9.6
2012-273,2012,273,0.02,0.0,57,54,7.6
2012-274,2012,274,0.21,0.0,59,53,6.9
2012-275,2012,275,0.00,0.0,68,50,15.4
2012-276,2012,276,0.03,0.0,71,56,5.6
2012-277,2012,277,0.08,0.0,64,59,5.8
2012-278,2012,278,0.03,0.0,62,59,4.9
2012-279,2012,279,0.00,0.0,76,57,5.8
2012-280,2012,280,0.06,0.0,78,54,11.9
2012-281,2012,281,0.11,0.0,58,48,7.4
2012-282,2012,282,0.00,0.0,56,46,6.3
2012-283,2012,283,0.00,0.0,58,53,12.5
2012-284,2012,284,0.14,0.0,62,52,10.5
2012-285,2012,285,0.00,0.0,59,45,12.8
2012-286,2012,286,0.03,0.0,54,40,13.4
2012-287,2012,287,0.00,0.0,53,35,9.6
2012-288,2012,288,0.19,0.0,67,47,10.5
2012-289,2012,289,0.02,0.0,74,60,13.9
2012-290,2012,290,0.06,0.0,63,45,13.2
2012-291,2012,291,0.00,0.0,56,42,6.3
2012-292,2012,292,0.00,0.0,60,44,7.2
2012-293,2012,293,0.06,0.0,68,53,11.4
2012-294,2012,294,0.16,0.0,74,58,9.4
2012-295,2012,295,0.00,0.0,64,49,12.1
2012-296,2012,296,0.00,0.0,68,52,11.4
2012-297,2012,297,0.00,0.0,67,51,7.6
2012-298,2012,298,0.00,0.0,55,47,5.1
2012-299,2012,299,0.00,0.0,59,44,4.0
2012-300,2012,300,0.00,0.0,66,47,5.1
2012-301,2012,301,0.00,0.0,60,49,5.6
2012-302,2012,302,0.08,0.0,56,51,17.0
2012-303,2012,303,1.06,0.0,61,53,31.1
2012-304,2012,304,0.49,0.0,63,52,11.9
2012-305,2012,305,0.02,0.0,56,47,8.5
2012-306,2012,306,0.00,0.0,57,45,10.3
2012-307,2012,307,0.03,0.0,52,45,9.6
2012-308,2012,308,0.00,0.0,53,42,12.8
2012-309,2012,309,0.00,0.0,53,38,11.6
2012-310,2012,310,0.00,0.0,45,33,11.0
2012-311,2012,311,0.00,0.0,41,31,7.6
2012-312,2012,312,0.33,0.1,45,32,23.0
2012-313,2012,313,0.21,0.3,40,32,21.5
2012-314,2012,314,0.00,0.0,53,38,13.0
2012-315,2012,315,0.00,0.0,55,40,6.9
2012-316,2012,316,0.00,0.0,61,40,8.7
2012-317,2012,317,0.00,0.0,66,47,9.6
2012-318,2012,318,0.29,0.0,63,40,13.0
2012-319,2012,319,0.00,0.0,45,36,11.0
2012-320,2012,320,0.00,0.0,41,34,9.6
2012-321,2012,321,0.00,0.0,45,35,6.7
2012-322,2012,322,0.00,0.0,47,36,6.7
2012-323,2012,323,0.00,0.0,47,33,8.1
2012-324,2012,324,0.00,0.0,48,33,7.4
2012-325,2012,325,0.00,0.0,48,34,6.7
2012-326,2012,326,0.00,0.0,49,38,9.4
2012-327,2012,327,0.00,0.0,50,40,5.4
2012-328,2012,328,0.00,0.0,49,36,8.7
2012-329,2012,329,0.00,0.0,48,34,16.8
2012-330,2012,330,0.00,0.0,40,31,16.1
2012-331,2012,331,0.00,0.0,46,33,13.0
2012-332,2012,332,0.15,0.0,39,34,4.7
2012-333,2012,333,0.00,0.0,36,32,8.3
2012-334,2012,334,0.00,0.0,43,32,13.6
2012-335,2012,335,0.00,0.0,38,30,8.1
2012-336,2012,336,0.03,0.5,32,28,6.5
2012-337,2012,337,0.00,0.0,52,32,6.0
2012-338,2012,338,0.00,0.0,59,41,10.1
2012-339,2012,339,0.01,0.0,57,39,7.2
2012-340,2012,340,0.00,0.0,57,33,15.9
2012-341,2012,341,0.00,0.0,41,30,8.5
2012-342,2012,342,0.03,0.0,44,30,4.9
2012-343,2012,343,0.34,0.0,47,43,4.9
2012-344,2012,344,0.08,0.0,49,41,8.7
2012-345,2012,345,0.56,0.0,60,42,8.1
2012-346,2012,346,0.00,0.0,56,34,11.2
2012-347,2012,347,0.00,0.0,40,31,7.8
2012-348,2012,348,0.00,0.0,42,29,4.0
2012-349,2012,349,0.00,0.0,49,31,10.7
2012-350,2012,350,0.00,0.0,40,33,8.7
2012-351,2012,351,0.25,0.0,39,34,13.9
2012-352,2012,352,0.48,0.0,45,37,14.3
2012-353,2012,353,0.86,0.0,50,41,10.5
2012-354,2012,354,0.00,0.0,45,38,15.4
2012-355,2012,355,0.00,0.0,43,33,8.5
2012-356,2012,356,0.65,0.0,52,38,21.3
2012-357,2012,357,0.00,0.0,38,30,16.3
2012-358,2012,358,0.00,0.0,38,29,13.0
2012-359,2012,359,0.00,0.0,40,31,8.1
2012-360,2012,360,0.01,0.2,35,28,8.3
2012-361,2012,361,0.23,0.0,39,23,14.1
2012-362,2012,362,1.67,0.1,47,30,24.2
2012-363,2012,363,0.00,0.0,37,28,13.9
2012-364,2012,364,0.69,2.2,37,29,9.4
2012-365,2012,365,0.04,0.4,30,22,19.0
2012-366,2012,366,0.00,0.0,34,21,13.6
2013-1,2013,1,0.00,0.0,37,20,14.3
2013-2,2013,2,0.00,0.0,30,12,13.6
2013-3,2013,3,0.00,0.0,25,7,10.5
2013-4,2013,4,0.00,0.0,38,21,13.0
2013-5,2013,5,0.00,0.0,42,27,9.2
2013-6,2013,6,0.00,0.0,43,28,7.8
2013-7,2013,7,0.00,0.0,39,29,8.9
2013-8,2013,8,0.00,0.0,46,28,12.8
2013-9,2013,9,0.00,0.0,46,28,7.8
2013-10,2013,10,0.00,0.0,47,35,15.2
2013-11,2013,11,0.12,0.0,40,31,4.5
2013-12,2013,12,0.01,0.0,44,38,2.2
2013-13,2013,13,0.00,0.0,51,40,6.7
2013-14,2013,14,0.00,0.0,61,42,13.2
2013-15,2013,15,0.00,0.0,42,35,6.3
2013-16,2013,16,0.37,3.2,36,30,6.5
2013-17,2013,17,0.00,0.0,42,30,11.4
2013-18,2013,18,0.00,0.0,30,19,13.0
2013-19,2013,19,0.00,0.0,49,24,17.4
2013-20,2013,20,0.00,0.0,54,29,18.6
2013-21,2013,21,0.01,0.4,30,23,10.3
2013-22,2013,22,0.00,0.0,25,15,14.5
2013-23,2013,23,0.00,0.0,17,8,15.0
2013-24,2013,24,0.00,0.0,21,4,17.4
2013-25,2013,25,0.01,0.1,24,10,12.5
2013-26,2013,26,0.01,0.2,25,13,12.1
2013-27,2013,27,0.00,0.0,32,14,13.9
2013-28,2013,28,0.17,1.0,31,21,5.6
2013-29,2013,29,0.01,0.1,34,27,4.5
2013-30,2013,30,0.06,0.0,60,33,14.5
2013-31,2013,31,0.31,0.0,60,32,26.8
2013-32,2013,32,0.00,0.0,34,23,17.0
2013-33,2013,33,0.00,0.0,30,19,12.8
2013-34,2013,34,0.03,0.6,27,23,8.1
2013-35,2013,35,0.00,0.0,31,22,16.8
2013-36,2013,36,0.03,0.6,27,22,6.9
2013-37,2013,37,0.05,0.7,40,26,9.6
2013-38,2013,38,0.00,0.0,30,18,9.2
2013-39,2013,39,0.85,10.1,34,20,25.7
2013-40,2013,40,1.00,14.8,20,15,21.0
2013-41,2013,41,0.00,0.0,36,15,8.5
2013-42,2013,42,0.20,0.0,45,20,7.4
2013-43,2013,43,0.00,0.0,44,36,15.2
2013-44,2013,44,0.00,0.0,42,30,7.2
2013-45,2013,45,0.00,0.0,42,32,8.7
2013-46,2013,46,0.00,0.0,47,30,10.1
2013-47,2013,47,0.01,0.1,38,32,8.5
2013-48,2013,48,0.20,5.1,32,18,21.5
2013-49,2013,49,0.00,0.0,33,16,19.9
2013-50,2013,50,0.45,0.0,45,26,9.6
2013-51,2013,51,0.01,0.0,43,27,17.0
2013-52,2013,52,0.00,0.0,33,25,17.7
2013-53,2013,53,0.00,0.0,38,26,9.4
2013-54,2013,54,0.23,0.0,38,32,6.3
2013-55,2013,55,0.82,1.8,38,29,13.2
2013-56,2013,56,0.01,0.2,41,28,7.2
2013-57,2013,57,0.00,0.0,41,29,6.7
2013-58,2013,58,1.37,0.0,40,38,19.9
2013-59,2013,59,0.00,0.0,44,33,6.0
2013-60,2013,60,0.00,0.0,41,34,9.4
2013-61,2013,61,0.00,0.0,42,34,8.9
2013-62,2013,62,0.00,0.0,43,33,8.9
2013-63,2013,63,0.00,0.0,41,31,17.4
2013-64,2013,64,0.00,0.0,43,32,10.3
2013-65,2013,65,0.05,0.0,41,35,22.8
2013-66,2013,66,0.46,2.6,37,30,23.7
2013-67,2013,67,0.94,10.5,42,28,18.3
2013-68,2013,68,0.00,0.0,38,31,11.0
2013-69,2013,69,0.00,0.0,37,28,7.8
2013-70,2013,70,0.00,0.0,50,35,9.8
2013-71,2013,71,0.29,0.0,53,39,11.6
2013-72,2013,72,0.00,0.0,51,39,12.5
2013-73,2013,73,0.00,0.0,39,23,16.8
2013-74,2013,74,0.00,0.0,41,21,15.2
2013-75,2013,75,0.00,0.0,40,30,8.3
2013-76,2013,76,0.00,0.0,38,25,11.4
2013-77,2013,77,0.12,0.9,33,21,10.3
2013-78,2013,78,1.35,6.3,36,28,22.1
2013-79,2013,79,0.00,0.0,39,26,14.3
2013-80,2013,80,0.02,0.3,35,30,5.6
2013-81,2013,81,0.00,0.0,40,29,12.3
2013-82,2013,82,0.00,0.0,44,30,16.6
2013-83,2013,83,0.00,0.0,48,33,10.1
2013-84,2013,84,0.00,0.0,44,33,13.9
2013-85,2013,85,0.05,0.0,50,34,10.5
2013-86,2013,86,0.00,0.0,55,36,12.1
2013-87,2013,87,0.00,0.0,48,38,8.5
2013-88,2013,88,0.01,0.0,56,40,8.7
2013-89,2013,89,0.00,0.0,54,40,8.1
2013-90,2013,90,0.03,0.0,59,34,9.8
2013-91,2013,91,0.12,0.0,62,35,14.5
2013-92,2013,92,0.00,0.0,42,31,17.0
2013-93,2013,93,0.00,0.0,47,31,19.0
2013-94,2013,94,0.00,0.0,56,32,13.6
2013-95,2013,95,0.00,0.0,57,38,12.8
2013-96,2013,96,0.00,0.0,47,33,12.1
2013-97,2013,97,0.00,0.0,54,32,15.9
2013-98,2013,98,0.00,0.0,63,46,9.8
2013-99,2013,99,0.06,0.0,73,45,8.7
2013-100,2013,100,0.19,0.0,54,45,6.0
2013-101,2013,101,0.04,0.0,49,42,6.9
2013-102,2013,102,0.35,0.0,43,38,19.0
2013-103,2013,103,0.02,0.0,51,36,8.9
2013-104,2013,104,0.00,0.0,55,42,10.5
2013-105,2013,105,0.00,0.0,49,38,10.5
2013-106,2013,106,0.00,0.0,64,39,15.0
2013-107,2013,107,0.00,0.0,66,47,9.6
2013-108,2013,108,0.00,0.0,63,45,13.6
2013-109,2013,109,0.05,0.0,75,53,17.9
2013-110,2013,110,0.38,0.0,65,44,15.0
2013-111,2013,111,0.00,0.0,50,37,10.7
2013-112,2013,112,0.00,0.0,49,36,13.9
2013-113,2013,113,0.13,0.0,43,41,17.0
2013-114,2013,114,0.00,0.0,69,43,14.5
2013-115,2013,115,0.03,0.0,66,48,10.7
2013-116,2013,116,0.00,0.0,52,44,10.1
2013-117,2013,117,0.00,0.0,56,42,7.4
2013-118,2013,118,0.00,0.0,63,44,9.8
2013-119,2013,119,0.00,0.0,68,48,9.6
2013-120,2013,120,0.00,0.0,61,47,7.4
2013-121,2013,121,0.00,0.0,60,45,6.3
2013-122,2013,122,0.00,0.0,70,47,8.9
2013-123,2013,123,0.00,0.0,53,44,10.1
2013-124,2013,124,0.00,0.0,52,44,9.2
2013-125,2013,125,0.00,0.0,53,40,8.9
2013-126,2013,126,0.00,0.0,55,43,6.9
2013-127,2013,127,0.00,0.0,72,47,9.4
2013-128,2013,128,0.37,0.0,66,53,11.0
2013-129,2013,129,0.61,0.0,63,53,4.9
2013-130,2013,130,0.06,0.0,69,56,6.7
2013-131,2013,131,0.02,0.0,72,59,12.1
2013-132,2013,132,0.04,0.0,73,51,10.7
2013-133,2013,133,0.00,0.0,60,46,12.3
2013-134,2013,134,0.00,0.0,60,44,11.4
2013-135,2013,135,0.00,0.0,67,44,10.5
2013-136,2013,136,0.00,0.0,82,53,13.2
2013-137,2013,137,0.00,0.0,70,54,11.6
2013-138,2013,138,0.00,0.0,67,51,10.3
2013-139,2013,139,0.17,0.0,63,50,8.1
2013-140,2013,140,0.04,0.0,82,56,6.5
2013-141,2013,141,0.01,0.0,66,52,9.6
2013-142,2013,142,0.05,0.0,60,51,8.1
2013-143,2013,143,0.05,0.0,77,53,10.3
2013-144,2013,144,0.57,0.0,70,51,9.8
2013-145,2013,145,0.34,0.0,54,42,14.1
2013-146,2013,146,0.05,0.0,60,41,15.9
2013-147,2013,147,0.00,0.0,73,47,9.8
2013-148,2013,148,0.00,0.0,64,51,6.7
2013-149,2013,149,0.84,0.0,70,57,6.5
2013-150,2013,150,0.00,0.0,88,65,10.7
2013-151,2013,151,0.00,0.0,94,72,11.0
2013-152,2013,152,0.00,0.0,92,70,13.4
2013-153,2013,153,0.00,0.0,88,68,15.7
2013-154,2013,154,0.71,0.0,77,62,10.1
2013-155,2013,155,0.00,0.0,73,55,12.1
2013-156,2013,156,0.00,0.0,72,57,8.7
2013-157,2013,157,0.02,0.0,69,57,9.2
2013-158,2013,158,3.07,0.0,58,55,12.1
2013-159,2013,159,0.54,0.0,79,55,12.1
2013-160,2013,160,0.00,0.0,80,61,8.9
2013-161,2013,161,0.88,0.0,69,58,8.3
2013-162,2013,162,1.38,0.0,64,56,9.2
2013-163,2013,163,0.07,0.0,71,56,11.6
2013-164,2013,164,0.72,0.0,67,53,8.7
2013-165,2013,165,1.02,0.0,74,53,11.2
2013-166,2013,166,0.00,0.0,80,62,10.5
2013-167,2013,167,0.00,0.0,77,61,10.5
2013-168,2013,168,0.43,0.0,87,63,11.2
2013-169,2013,169,0.63,0.0,71,59,6.9
2013-170,2013,170,0.00,0.0,71,58,10.1
2013-171,2013,171,0.00,0.0,77,58,9.2
2013-172,2013,172,0.00,0.0,84,61,8.3
2013-173,2013,173,0.00,0.0,85,65,12.3
2013-174,2013,174,0.00,0.0,91,66,13.2
2013-175,2013,175,0.33,0.0,95,70,11.4
2013-176,2013,176,0.00,0.0,92,69,11.9
2013-177,2013,177,0.04,0.0,84,64,6.9
2013-178,2013,178,0.03,0.0,66,61,7.2
2013-179,2013,179,0.45,0.0,81,62,13.4
2013-180,2013,180,0.07,0.0,83,70,12.3
2013-181,2013,181,0.11,0.0,84,69,10.3
2013-182,2013,182,0.03,0.0,85,71,8.9
2013-183,2013,183,0.00,0.0,82,61,8.5
2013-184,2013,184,0.00,0.0,91,62,12.3
2013-185,2013,185,0.00,0.0,94,75,12.1
2013-186,2013,186,0.00,0.0,95,79,12.5
2013-187,2013,187,0.00,0.0,93,79,11.4
2013-188,2013,188,0.00,0.0,93,75,7.6
2013-189,2013,189,0.01,0.0,85,66,8.9
2013-190,2013,190,0.00,0.0,72,65,5.8
2013-191,2013,191,0.01,0.0,86,67,10.1
2013-192,2013,192,0.17,0.0,82,73,8.1
2013-193,2013,193,0.00,0.0,74,66,12.8
2013-194,2013,194,0.00,0.0,72,66,6.5
2013-195,2013,195,0.00,0.0,93,69,4.9
2013-196,2013,196,0.00,0.0,92,74,6.9
2013-197,2013,197,0.01,0.0,93,75,6.5
2013-198,2013,198,0.00,0.0,95,73,8.5
2013-199,2013,199,0.00,0.0,91,76,10.3
2013-200,2013,200,0.00,0.0,99,78,15.0
2013-201,2013,201,0.00,0.0,96,79,12.8
2013-202,2013,202,0.01,0.0,79,68,8.9
2013-203,2013,203,0.00,0.0,76,68,7.4
2013-204,2013,204,1.76,0.0,82,68,6.0
2013-205,2013,205,0.00,0.0,88,66,8.5
2013-206,2013,206,0.27,0.0,66,60,10.7
2013-207,2013,207,1.00,0.0,72,62,11.2
2013-208,2013,208,0.00,0.0,84,62,8.7
2013-209,2013,209,0.01,0.0,75,67,6.5
2013-210,2013,210,0.33,0.0,81,66,6.7
2013-211,2013,211,0.00,0.0,84,66,8.5
2013-212,2013,212,0.00,0.0,79,68,8.1
2013-213,2013,213,0.00,0.0,82,66,9.6
2013-214,2013,214,0.13,0.0,85,66,8.3
2013-215,2013,215,0.00,0.0,80,68,11.9
2013-216,2013,216,0.00,0.0,82,65,9.2
2013-217,2013,217,0.00,0.0,78,61,11.4
2013-218,2013,218,0.00,0.0,74,59,7.2
2013-219,2013,219,0.00,0.0,79,61,9.4
2013-220,2013,220,0.07,0.0,81,65,11.0
2013-221,2013,221,1.62,0.0,76,71,11.4
2013-222,2013,222,0.00,0.0,85,67,11.9
2013-223,2013,223,0.00,0.0,81,63,6.9
2013-224,2013,224,0.00,0.0,84,65,7.6
2013-225,2013,225,0.00,0.0,73,66,5.4
2013-226,2013,226,0.00,0.0,76,63,14.1
2013-227,2013,227,0.00,0.0,78,60,9.8
2013-228,2013,228,0.00,0.0,80,62,8.5
2013-229,2013,229,0.00,0.0,74,64,7.4
2013-230,2013,230,0.00,0.0,78,63,6.3
2013-231,2013,231,0.00,0.0,84,64,8.9
2013-232,2013,232,0.00,0.0,87,69,6.7
2013-233,2013,233,0.00,0.0,89,67,7.4
2013-234,2013,234,0.00,0.0,89,70,12.3
2013-235,2013,235,0.00,0.0,78,66,9.6
2013-236,2013,236,0.00,0.0,72,60,8.9
2013-237,2013,237,0.00,0.0,83,61,9.2
2013-238,2013,238,0.01,0.0,84,67,11.2
2013-239,2013,239,0.01,0.0,76,65,4.9
2013-240,2013,240,0.00,0.0,73,61,5.8
2013-241,2013,241,0.00,0.0,67,62,9.6
2013-242,2013,242,0.00,0.0,84,63,8.5
2013-243,2013,243,0.00,0.0,82,69,9.8
2013-244,2013,244,0.38,0.0,79,70,8.5
2013-245,2013,245,0.38,0.0,81,69,7.2
2013-246,2013,246,0.00,0.0,81,67,8.3
2013-247,2013,247,0.00,0.0,82,63,11.0
2013-248,2013,248,0.09,0.0,70,57,8.7
2013-249,2013,249,0.00,0.0,71,52,8.7
2013-250,2013,250,0.00,0.0,81,54,10.7
2013-251,2013,251,0.00,0.0,78,56,13.2
2013-252,2013,252,0.00,0.0,71,52,9.4
2013-253,2013,253,0.03,0.0,77,59,11.4
2013-254,2013,254,0.00,0.0,97,68,9.8
2013-255,2013,255,0.57,0.0,88,67,11.4
2013-256,2013,256,0.39,0.0,76,61,6.7
2013-257,2013,257,0.00,0.0,68,57,9.8
2013-258,2013,258,0.00,0.0,73,54,8.5
2013-259,2013,259,0.00,0.0,70,50,10.5
2013-260,2013,260,0.00,0.0,60,44,8.1
2013-261,2013,261,0.00,0.0,75,51,7.8
2013-262,2013,262,0.00,0.0,71,54,5.4
2013-263,2013,263,0.00,0.0,71,55,5.4
2013-264,2013,264,0.00,0.0,77,57,12.5
2013-265,2013,265,0.37,0.0,73,55,13.2
2013-266,2013,266,0.00,0.0,65,50,13.0
2013-267,2013,267,0.00,0.0,68,47,9.8
2013-268,2013,268,0.00,0.0,63,52,7.6
2013-269,2013,269,0.00,0.0,63,55,7.4
2013-270,2013,270,0.00,0.0,66,57,8.1
2013-271,2013,271,0.00,0.0,69,55,5.8
2013-272,2013,272,0.00,0.0,62,51,3.8
2013-273,2013,273,0.00,0.0,65,51,4.0
2013-274,2013,274,0.00,0.0,75,52,6.7
2013-275,2013,275,0.00,0.0,82,62,11.4
2013-276,2013,276,0.00,0.0,79,61,7.4
2013-277,2013,277,0.03,0.0,67,59,2.9
2013-278,2013,278,0.00,0.0,68,59,4.5
2013-279,2013,279,0.31,0.0,62,56,10.7
2013-280,2013,280,0.11,0.0,78,60,12.3
2013-281,2013,281,0.00,0.0,68,52,10.5
2013-282,2013,282,0.00,0.0,61,49,9.4
2013-283,2013,283,0.00,0.0,61,48,7.6
2013-284,2013,284,0.00,0.0,66,52,7.2
2013-285,2013,285,0.00,0.0,61,53,12.3
2013-286,2013,286,0.00,0.0,61,49,8.5
2013-287,2013,287,0.00,0.0,61,44,5.8
2013-288,2013,288,0.00,0.0,64,52,6.3
2013-289,2013,289,0.00,0.0,62,51,5.1
2013-290,2013,290,0.03,0.0,73,54,8.5
2013-291,2013,291,0.02,0.0,70,56,12.3
2013-292,2013,292,0.00,0.0,67,50,8.5
2013-293,2013,293,0.00,0.0,64,49,11.6
2013-294,2013,294,0.00,0.0,68,45,8.1
2013-295,2013,295,0.00,0.0,71,48,10.5
2013-296,2013,296,0.00,0.0,53,46,5.8
2013-297,2013,297,0.00,0.0,56,43,13.6
2013-298,2013,298,0.00,0.0,52,39,10.5
2013-299,2013,299,0.00,0.0,57,37,13.2
2013-300,2013,300,0.03,0.0,57,44,12.5
2013-301,2013,301,0.00,0.0,60,39,12.3
2013-302,2013,302,0.00,0.0,49,35,6.9
2013-303,2013,303,0.05,0.0,53,39,3.8
2013-304,2013,304,0.03,0.0,63,40,8.3
2013-305,2013,305,0.03,0.0,72,60,21.0
2013-306,2013,306,0.00,0.0,66,50,4.7
2013-307,2013,307,0.03,0.0,53,34,10.7
2013-308,2013,308,0.00,0.0,42,31,8.7
2013-309,2013,309,0.00,0.0,48,32,7.4
2013-310,2013,310,0.00,0.0,61,42,10.7
2013-311,2013,311,0.22,0.0,68,43,13.9
2013-312,2013,312,0.00,0.0,50,38,13.4
2013-313,2013,313,0.00,0.0,47,35,11.6
2013-314,2013,314,0.03,0.0,58,42,11.4
2013-315,2013,315,0.00,0.0,53,41,12.8
2013-316,2013,316,0.08,0.0,50,29,13.6
2013-317,2013,317,0.00,0.0,38,26,12.8
2013-318,2013,318,0.00,0.0,52,30,11.9
2013-319,2013,319,0.00,0.0,62,38,8.7
2013-320,2013,320,0.00,0.0,59,40,5.4
2013-321,2013,321,0.04,0.0,55,38,3.4
2013-322,2013,322,0.15,0.0,67,50,13.4
2013-323,2013,323,0.00,0.0,50,32,16.8
2013-324,2013,324,0.00,0.0,43,29,9.6
2013-325,2013,325,0.00,0.0,48,29,6.9
2013-326,2013,326,0.25,0.0,48,42,4.9
2013-327,2013,327,0.00,0.0,50,31,16.1
2013-328,2013,328,0.00,0.0,31,21,22.4
2013-329,2013,329,0.00,0.0,34,18,12.5
2013-330,2013,330,0.10,0.0,44,32,9.2
2013-331,2013,331,1.79,0.0,62,39,16.8
2013-332,2013,332,0.00,0.0,39,27,17.7
2013-333,2013,333,0.00,0.0,35,23,9.8
2013-334,2013,334,0.00,0.0,35,20,7.4
2013-335,2013,335,0.27,0.0,47,34,6.0
2013-336,2013,336,0.00,0.0,41,37,5.1
2013-337,2013,337,0.00,0.0,49,36,7.8
2013-338,2013,338,0.00,0.0,45,35,7.2
2013-339,2013,339,0.01,0.0,57,36,4.0
2013-340,2013,340,0.30,0.0,57,35,10.7
2013-341,2013,341,0.09,0.1,42,31,10.5
2013-342,2013,342,0.00,0.0,32,27,6.5
2013-343,2013,343,0.43,0.4,43,26,11.9
2013-344,2013,344,0.07,0.3,38,27,10.5
2013-345,2013,345,0.00,0.0,32,24,13.9
2013-346,2013,346,0.00,0.0,27,18,11.6
2013-347,2013,347,0.00,0.0,30,16,13.6
2013-348,2013,348,0.22,3.2,31,11,13.4
2013-349,2013,349,0.64,1.0,38,23,18.8
2013-350,2013,350,0.00,0.0,30,20,13.9
2013-351,2013,351,0.53,6.4,28,9,9.6
2013-352,2013,352,0.00,0.0,36,19,13.0
2013-353,2013,353,0.00,0.0,43,27,11.6
2013-354,2013,354,0.00,0.0,51,32,8.1
2013-355,2013,355,0.00,0.0,54,41,11.4
2013-356,2013,356,0.01,0.0,54,35,7.6
2013-357,2013,357,0.68,0.0,40,33,5.8
2013-358,2013,358,0.00,0.0,40,28,10.5
2013-359,2013,359,0.00,0.0,28,15,9.8
2013-360,2013,360,0.05,0.3,36,21,6.9
2013-361,2013,361,0.00,0.0,35,28,11.6
2013-362,2013,362,0.00,0.0,48,27,10.5
2013-363,2013,363,1.32,0.0,44,33,8.3
2013-364,2013,364,0.00,0.0,44,19,13.4
2013-365,2013,365,0.00,0.0,26,14,9.4
2014-1,2014,1,0.00,0.0,29,19,9.4
2014-2,2014,2,0.38,10.6,26,2,17.4
2014-3,2014,3,0.19,4.5,14,2,17.0
2014-4,2014,4,0.00,0.0,27,2,12.3
2014-5,2014,5,0.04,0.0,38,24,8.1
2014-6,2014,6,0.32,0.0,56,29,13.9
2014-7,2014,7,0.00,0.0,29,9,19.7
2014-8,2014,8,0.00,0.0,22,7,12.8
2014-9,2014,9,0.00,0.0,30,19,8.5
2014-10,2014,10,0.02,0.2,37,18,4.9
2014-11,2014,11,0.54,0.0,59,34,11.4
2014-12,2014,12,0.00,0.0,54,37,16.1
2014-13,2014,13,0.00,0.0,51,31,11.4
2014-14,2014,14,0.79,0.0,50,44,7.8
2014-15,2014,15,0.00,0.0,48,35,6.5
2014-16,2014,16,0.00,0.0,39,33,3.1
2014-17,2014,17,0.00,0.0,46,33,7.8
2014-18,2014,18,0.79,2.0,38,32,6.9
2014-19,2014,19,0.03,0.2,35,30,14.8
2014-20,2014,20,0.00,0.0,41,26,15.0
2014-21,2014,21,0.11,3.9,26,11,11.6
2014-22,2014,22,0.00,0.3,18,7,16.6
2014-23,2014,23,0.00,0.0,22,6,12.8
2014-24,2014,24,0.00,0.0,19,7,13.6
2014-25,2014,25,0.00,0.1,38,15,17.2
2014-26,2014,26,0.00,0.0,26,16,15.7
2014-27,2014,27,0.02,0.0,47,21,13.9
2014-28,2014,28,0.00,0.0,21,13,12.8
2014-29,2014,29,0.01,0.0,27,15,9.8
2014-30,2014,30,0.00,0.0,30,16,9.8
2014-31,2014,31,0.00,0.0,43,22,9.2
2014-32,2014,32,0.00,0.0,42,32,8.3
2014-33,2014,33,0.02,0.0,55,31,6.7
2014-34,2014,34,0.17,1.6,41,27,9.2
2014-35,2014,35,0.00,0.0,35,23,6.0
2014-36,2014,36,1.11,10.7,33,24,10.7
2014-37,2014,37,0.00,0.0,28,19,7.8
2014-38,2014,38,0.00,0.0,30,19,10.7
2014-39,2014,39,0.00,0.0,29,18,10.1
2014-40,2014,40,0.03,0.3,30,21,7.6
2014-41,2014,41,0.00,0.1,30,20,11.6
2014-42,2014,42,0.00,0.0,25,14,10.3
2014-43,2014,43,0.00,0.0,23,8,7.6
2014-44,2014,44,1.35,3.2,36,21,19.9
2014-45,2014,45,0.31,0.1,37,29,18.3
2014-46,2014,46,0.33,3.6,35,27,9.6
2014-47,2014,47,0.02,0.4,33,23,16.6
2014-48,2014,48,0.00,0.0,29,14,14.8
2014-49,2014,49,0.22,2.5,35,14,10.5
2014-50,2014,50,0.25,0.0,36,21,8.1
2014-51,2014,51,0.08,0.0,48,33,9.4
2014-52,2014,52,0.22,0.0,44,34,8.9
2014-53,2014,53,0.00,0.0,50,34,14.3
2014-54,2014,54,0.00,0.0,52,34,6.0
2014-55,2014,55,0.00,0.0,45,24,16.3
2014-56,2014,56,0.00,0.0,29,22,10.5
2014-57,2014,57,0.00,0.0,32,16,11.6
2014-58,2014,58,0.02,0.4,30,12,11.9
2014-59,2014,59,0.00,0.0,25,10,11.9
2014-60,2014,60,0.00,0.0,36,16,8.1
2014-61,2014,61,0.00,0.0,40,30,6.9
2014-62,2014,62,0.00,0.0,30,16,11.6
2014-63,2014,63,0.00,0.0,31,12,8.1
2014-64,2014,64,0.00,0.1,29,20,9.6
2014-65,2014,65,0.00,0.0,25,11,7.4
2014-66,2014,66,0.00,0.0,34,16,4.7
2014-67,2014,67,0.00,0.0,55,27,7.6
2014-68,2014,68,0.00,0.0,43,30,10.5
2014-69,2014,69,0.03,0.6,44,28,8.1
2014-70,2014,70,0.00,0.0,60,34,8.5
2014-71,2014,71,0.43,0.0,46,37,4.9
2014-72,2014,72,0.06,1.5,37,17,18.3
2014-73,2014,73,0.00,0.0,39,16,14.1
2014-74,2014,74,0.01,0.0,57,38,14.5
2014-75,2014,75,0.00,0.0,37,23,16.3
2014-76,2014,76,0.00,0.0,27,16,8.3
2014-77,2014,77,0.00,0.0,33,20,8.3
2014-78,2014,78,0.00,0.0,41,27,10.3
2014-79,2014,79,0.29,0.0,52,37,12.1
2014-80,2014,80,0.00,0.0,45,34,16.8
2014-81,2014,81,0.00,0.0,57,28,14.1
2014-82,2014,82,0.00,0.0,44,22,13.0
2014-83,2014,83,0.00,0.0,33,17,12.8
2014-84,2014,84,0.00,0.0,39,21,10.1
2014-85,2014,85,0.00,0.0,35,24,25.9
2014-86,2014,86,0.00,0.0,46,21,14.3
2014-87,2014,87,0.02,0.0,60,35,14.3
2014-88,2014,88,0.97,0.0,52,39,12.5
2014-89,2014,89,2.23,0.0,43,36,17.2
2014-90,2014,90,0.44,0.0,42,34,13.4
2014-91,2014,91,0.00,0.0,47,34,9.6
2014-92,2014,92,0.00,0.0,46,37,5.6
2014-93,2014,93,0.00,0.0,54,34,9.4
2014-94,2014,94,0.26,0.0,44,37,11.2
2014-95,2014,95,0.23,0.0,54,38,13.4
2014-96,2014,96,0.00,0.0,59,35,8.7
2014-97,2014,97,0.04,0.0,59,38,7.6
2014-98,2014,98,0.67,0.0,65,43,13.4
2014-99,2014,99,0.00,0.0,59,41,13.2
2014-100,2014,100,0.00,0.0,60,34,13.9
2014-101,2014,101,0.00,0.0,69,48,10.1
2014-102,2014,102,0.04,0.0,69,49,8.5
2014-103,2014,103,0.04,0.0,63,45,7.6
2014-104,2014,104,0.00,0.0,75,57,21.7
2014-105,2014,105,0.62,0.0,68,41,23.7
2014-106,2014,106,0.36,0.3,45,31,15.0
2014-107,2014,107,0.00,0.0,40,32,13.9
2014-108,2014,108,0.00,0.0,42,31,8.7
2014-109,2014,109,0.00,0.0,63,37,12.1
2014-110,2014,110,0.00,0.0,48,39,9.2
2014-111,2014,111,0.00,0.0,69,36,9.2
2014-112,2014,112,0.05,0.0,73,47,11.9
2014-113,2014,113,0.23,0.0,57,46,15.0
2014-114,2014,114,0.00,0.0,59,42,20.8
2014-115,2014,115,0.00,0.0,57,43,10.5
2014-116,2014,116,0.20,0.0,47,42,7.4
2014-117,2014,117,0.15,0.0,50,41,6.5
2014-118,2014,118,0.00,0.0,54,42,11.4
2014-119,2014,119,0.00,0.0,44,42,17.0
2014-120,2014,120,0.35,0.0,45,41,14.1
2014-121,2014,121,0.62,0.0,60,44,5.6
2014-122,2014,122,0.01,0.0,69,50,10.3
2014-123,2014,123,0.00,0.0,67,50,8.5
2014-124,2014,124,0.00,0.0,62,50,16.1
2014-125,2014,125,0.00,0.0,66,50,13.6
2014-126,2014,126,0.00,0.0,64,47,10.1
2014-127,2014,127,0.00,0.0,69,47,9.6
2014-128,2014,128,0.00,0.0,62,48,6.5
2014-129,2014,129,0.00,0.0,59,50,4.3
2014-130,2014,130,0.34,0.0,80,57,11.6
2014-131,2014,131,0.00,0.0,80,62,11.9
2014-132,2014,132,0.00,0.0,85,52,11.0
2014-133,2014,133,0.00,0.0,52,46,10.5
2014-134,2014,134,0.00,0.0,63,46,9.2
2014-135,2014,135,0.00,0.0,77,57,8.7
2014-136,2014,136,0.06,0.0,73,59,13.9
2014-137,2014,137,0.65,0.0,75,58,12.8
2014-138,2014,138,0.00,0.0,63,52,9.2
2014-139,2014,139,0.05,0.0,68,52,13.2
2014-140,2014,140,0.00,0.0,69,53,9.4
2014-141,2014,141,0.00,0.0,65,52,7.4
2014-142,2014,142,0.25,0.0,59,51,7.6
2014-143,2014,143,0.02,0.0,57,52,8.5
2014-144,2014,144,0.18,0.0,61,52,8.1
2014-145,2014,145,0.00,0.0,66,52,6.9
2014-146,2014,146,0.01,0.0,79,55,12.1
2014-147,2014,147,0.48,0.0,74,50,11.4
2014-148,2014,148,0.08,0.0,50,44,15.0
2014-149,2014,149,0.00,0.0,58,43,7.6
2014-150,2014,150,0.11,0.0,66,48,8.1
2014-151,2014,151,0.00,0.0,60,52,9.6
2014-152,2014,152,0.00,0.0,66,51,8.1
2014-153,2014,153,0.00,0.0,83,56,8.9
2014-154,2014,154,0.00,0.0,72,57,10.5
2014-155,2014,155,0.14,0.0,60,55,6.3
2014-156,2014,156,0.78,0.0,60,57,7.2
2014-157,2014,157,0.00,0.0,76,57,11.0
2014-158,2014,158,0.00,0.0,80,61,8.3
2014-159,2014,159,0.00,0.0,81,67,7.8
2014-160,2014,160,0.00,0.0,81,66,11.0
2014-161,2014,161,0.85,0.0,79,59,8.7
2014-162,2014,162,0.00,0.0,63,58,9.6
2014-163,2014,163,0.00,0.0,66,59,11.4
2014-164,2014,164,0.54,0.0,64,59,9.6
2014-165,2014,165,0.01,0.0,77,58,7.6
2014-166,2014,166,0.00,0.0,80,58,12.3
2014-167,2014,167,0.00,0.0,73,62,10.1
2014-168,2014,168,0.02,0.0,84,62,11.2
2014-169,2014,169,0.00,0.0,87,68,14.3
2014-170,2014,170,0.00,0.0,84,67,10.7
2014-171,2014,171,0.00,0.0,77,61,11.6
2014-172,2014,172,0.00,0.0,75,57,6.9
2014-173,2014,173,0.00,0.0,71,59,7.8
2014-174,2014,174,0.00,0.0,77,59,8.7
2014-175,2014,175,0.00,0.0,84,60,12.5
2014-176,2014,176,0.00,0.0,89,66,14.8
2014-177,2014,177,0.28,0.0,81,60,9.6
2014-178,2014,178,0.00,0.0,72,59,7.6
2014-179,2014,179,0.00,0.0,80,59,6.7
2014-180,2014,180,0.00,0.0,86,62,8.9
2014-181,2014,181,0.00,0.0,89,64,13.4
2014-182,2014,182,0.00,0.0,89,69,13.9
2014-183,2014,183,0.00,0.0,91,73,15.0
2014-184,2014,184,0.28,0.0,92,69,10.1
2014-185,2014,185,1.88,0.0,76,64,8.1
2014-186,2014,186,0.35,0.0,80,59,17.0
2014-187,2014,187,0.00,0.0,85,66,15.2
2014-188,2014,188,0.08,0.0,88,69,14.5
2014-189,2014,189,0.00,0.0,92,73,15.0
2014-190,2014,190,0.00,0.0,88,73,13.9
2014-191,2014,191,0.00,0.0,82,66,7.8
2014-192,2014,192,0.00,0.0,73,63,6.7
2014-193,2014,193,0.00,0.0,80,62,8.3
2014-194,2014,194,0.00,0.0,85,68,15.4
2014-195,2014,195,0.67,0.0,86,71,9.8
2014-196,2014,196,0.00,0.0,85,71,10.7
2014-197,2014,197,0.85,0.0,76,69,7.8
2014-198,2014,198,0.00,0.0,81,67,8.1
2014-199,2014,199,0.00,0.0,76,65,7.8
2014-200,2014,200,0.00,0.0,72,63,5.1
2014-201,2014,201,0.00,0.0,72,61,6.9
2014-202,2014,202,0.00,0.0,73,61,5.8
2014-203,2014,203,0.00,0.0,87,63,9.6
2014-204,2014,204,0.00,0.0,92,71,13.0
2014-205,2014,205,0.00,0.0,76,63,7.6
2014-206,2014,206,0.00,0.0,83,62,7.8
2014-207,2014,207,0.00,0.0,85,64,11.9
2014-208,2014,208,0.35,0.0,80,66,9.4
2014-209,2014,209,0.11,0.0,84,65,10.5
2014-210,2014,210,0.00,0.0,79,64,9.2
2014-211,2014,211,0.00,0.0,78,63,6.5
2014-212,2014,212,0.00,0.0,81,62,10.1
2014-213,2014,213,0.00,0.0,82,65,8.9
2014-214,2014,214,0.03,0.0,72,62,5.1
2014-215,2014,215,0.00,0.0,70,62,5.1
2014-216,2014,216,0.00,0.0,80,62,7.8
2014-217,2014,217,0.00,0.0,82,70,7.6
2014-218,2014,218,0.01,0.0,83,70,8.1
2014-219,2014,219,0.01,0.0,79,64,8.5
2014-220,2014,220,0.00,0.0,85,61,9.6
2014-221,2014,221,0.00,0.0,78,65,7.8
2014-222,2014,222,0.00,0.0,80,66,7.6
2014-223,2014,223,0.00,0.0,84,65,8.9
2014-224,2014,224,0.00,0.0,82,64,8.7
2014-225,2014,225,1.06,0.0,69,64,14.3
2014-226,2014,226,0.00,0.0,77,62,11.4
2014-227,2014,227,0.00,0.0,75,60,8.1
2014-228,2014,228,0.00,0.0,78,61,11.4
2014-229,2014,229,0.00,0.0,81,64,8.7
2014-230,2014,230,0.00,0.0,79,62,9.6
2014-231,2014,231,0.00,0.0,74,59,7.6
2014-232,2014,232,0.00,0.0,74,59,5.1
2014-233,2014,233,0.00,0.0,72,60,6.3
2014-234,2014,234,0.08,0.0,72,63,10.3
2014-235,2014,235,0.00,0.0,72,61,8.9
2014-236,2014,236,0.00,0.0,75,63,6.0
2014-237,2014,237,0.00,0.0,81,67,6.7
2014-238,2014,238,0.00,0.0,85,64,10.5
2014-239,2014,239,0.02,0.0,91,67,12.5
2014-240,2014,240,0.00,0.0,82,64,12.5
2014-241,2014,241,0.00,0.0,71,59,10.3
2014-242,2014,242,0.00,0.0,79,58,10.3
2014-243,2014,243,0.54,0.0,85,67,13.4
2014-244,2014,244,0.00,0.0,85,72,7.8
2014-245,2014,245,0.01,0.0,93,71,8.7
2014-246,2014,246,0.00,0.0,85,72,11.6
2014-247,2014,247,0.00,0.0,83,66,8.5
2014-248,2014,248,0.00,0.0,91,67,11.9
2014-249,2014,249,0.22,0.0,92,69,14.5
2014-250,2014,250,0.15,0.0,76,63,7.6
2014-251,2014,251,0.00,0.0,71,59,10.1
2014-252,2014,252,0.00,0.0,69,61,9.6
2014-253,2014,253,0.00,0.0,70,60,7.8
2014-254,2014,254,0.00,0.0,80,62,13.2
2014-255,2014,255,0.00,0.0,68,56,8.7
2014-256,2014,256,0.13,0.0,67,53,10.7
2014-257,2014,257,0.00,0.0,66,52,9.6
2014-258,2014,258,0.00,0.0,67,48,6.7
2014-259,2014,259,0.00,0.0,65,55,4.7
2014-260,2014,260,0.00,0.0,69,54,6.7
2014-261,2014,261,0.00,0.0,75,55,7.2
2014-262,2014,262,0.00,0.0,56,46,10.5
2014-263,2014,263,0.00,0.0,73,47,11.4
2014-264,2014,264,0.01,0.0,82,63,7.6
2014-265,2014,265,0.00,0.0,74,53,15.2
2014-266,2014,266,0.00,0.0,72,50,6.9
2014-267,2014,267,0.00,0.0,66,54,9.6
2014-268,2014,268,0.00,0.0,62,53,6.9
2014-269,2014,269,0.00,0.0,69,54,4.9
2014-270,2014,270,0.00,0.0,81,60,5.4
2014-271,2014,271,0.00,0.0,87,60,4.9
2014-272,2014,272,0.00,0.0,74,57,9.6
2014-273,2014,273,0.18,0.0,57,56,9.4
2014-274,2014,274,1.16,0.0,57,56,16.1
2014-275,2014,275,0.16,0.0,56,51,13.9
2014-276,2014,276,0.01,0.0,55,48,7.6
2014-277,2014,277,0.35,0.0,63,53,7.6
2014-278,2014,278,0.00,0.0,61,49,11.6
2014-279,2014,279,0.00,0.0,67,43,7.6
2014-280,2014,280,0.01,0.0,73,55,13.0
2014-281,2014,281,0.01,0.0,73,58,14.3
2014-282,2014,282,0.00,0.0,66,50,11.9
2014-283,2014,283,0.00,0.0,63,51,9.6
2014-284,2014,284,0.31,0.0,54,47,4.9
2014-285,2014,285,0.00,0.0,59,44,9.2
2014-286,2014,286,0.00,0.0,63,45,7.6
2014-287,2014,287,0.00,0.0,78,57,10.7
2014-288,2014,288,0.00,0.0,81,61,9.2
2014-289,2014,289,0.63,0.0,70,60,10.3
2014-290,2014,290,0.00,0.0,71,57,11.4
2014-291,2014,291,0.00,0.0,71,55,11.4
2014-292,2014,292,0.00,0.0,56,43,14.3
2014-293,2014,293,0.00,0.0,58,39,10.7
2014-294,2014,294,0.00,0.0,62,49,7.4
2014-295,2014,295,0.87,0.0,56,50,24.8
2014-296,2014,296,2.25,0.0,54,48,24.6
2014-297,2014,297,0.05,0.0,52,46,11.2
2014-298,2014,298,0.00,0.0,64,46,9.6
2014-299,2014,299,0.00,0.0,59,47,13.4
2014-300,2014,300,0.00,0.0,63,46,11.2
2014-301,2014,301,0.00,0.0,60,45,3.8
2014-302,2014,302,0.02,0.0,74,52,6.7
2014-303,2014,303,0.00,0.0,59,46,8.3
2014-304,2014,304,0.00,0.0,54,45,10.5
2014-305,2014,305,0.59,0.0,49,39,17.0
2014-306,2014,306,0.31,0.0,42,34,20.8
2014-307,2014,307,0.00,0.0,53,36,14.5
2014-308,2014,308,0.00,0.0,57,45,6.0
2014-309,2014,309,0.00,0.0,66,47,9.2
2014-310,2014,310,0.59,0.0,51,46,5.1
2014-311,2014,311,0.00,0.0,49,39,14.3
2014-312,2014,312,0.00,0.0,48,35,10.3
2014-313,2014,313,0.00,0.0,56,40,7.8
2014-314,2014,314,0.00,0.0,58,37,5.1
2014-315,2014,315,0.00,0.0,63,42,5.4
2014-316,2014,316,0.00,0.0,60,46,4.9
2014-317,2014,317,0.06,0.0,50,38,7.6
2014-318,2014,318,0.23,0.0,44,33,11.2
2014-319,2014,319,0.00,0.0,40,30,9.4
2014-320,2014,320,0.00,0.0,42,29,8.1
2014-321,2014,321,1.64,0.0,48,37,5.8
2014-322,2014,322,0.00,0.0,44,27,15.7
2014-323,2014,323,0.00,0.0,37,24,14.1
2014-324,2014,324,0.00,0.0,48,31,13.9
2014-325,2014,325,0.00,0.0,36,27,15.2
2014-326,2014,326,0.00,0.0,44,24,16.1
2014-327,2014,327,0.00,0.0,59,42,9.4
2014-328,2014,328,0.28,0.0,65,42,14.5
2014-329,2014,329,0.00,0.0,62,48,11.6
2014-330,2014,330,1.44,0.0,50,33,14.8
2014-331,2014,331,0.02,0.3,38,31,10.3
2014-332,2014,332,0.11,2.3,35,27,10.7
2014-333,2014,333,0.00,0.0,34,23,7.2
2014-334,2014,334,0.00,0.0,57,32,12.3
2014-335,2014,335,0.01,0.0,64,39,13.4
2014-336,2014,336,0.10,0.0,42,33,15.0
2014-337,2014,337,0.44,0.0,51,37,12.3
2014-338,2014,338,0.00,0.0,43,30,11.6
2014-339,2014,339,0.11,0.0,42,26,10.5
2014-340,2014,340,1.09,0.0,45,38,8.1
2014-341,2014,341,0.13,0.0,38,21,15.0
2014-342,2014,342,0.03,0.3,29,18,13.2
2014-343,2014,343,2.90,0.0,49,29,19.7
2014-344,2014,344,0.28,0.0,48,38,12.8
2014-345,2014,345,0.02,0.0,39,32,13.0
2014-346,2014,346,0.00,0.0,39,31,10.7
2014-347,2014,347,0.00,0.0,42,32,11.6
2014-348,2014,348,0.00,0.0,45,33,9.8
2014-349,2014,349,0.00,0.0,42,32,5.6
2014-350,2014,350,0.00,0.0,44,35,4.3
2014-351,2014,351,0.43,0.0,49,41,11.4
2014-352,2014,352,0.01,0.0,44,36,13.6
2014-353,2014,353,0.00,0.0,37,29,11.0
2014-354,2014,354,0.00,0.0,36,27,9.6
2014-355,2014,355,0.00,0.0,36,30,9.2
2014-356,2014,356,0.05,0.0,44,33,7.6
2014-357,2014,357,0.25,0.0,47,42,12.8
2014-358,2014,358,0.56,0.0,46,41,6.5
2014-359,2014,359,0.14,0.0,59,44,14.1
2014-360,2014,360,0.00,0.0,50,37,10.5
2014-361,2014,361,0.00,0.0,52,38,9.2
2014-362,2014,362,0.01,0.0,52,40,13.4
2014-363,2014,363,0.00,0.0,41,30,8.7
2014-364,2014,364,0.00,0.0,30,22,9.8
2014-365,2014,365,0.00,0.0,30,20,9.4
2015-1,2015,1,0.00,0.0,33,22,14.3
2015-2,2015,2,0.00,0.0,41,31,12.8
2015-3,2015,3,0.62,1.4,37,22,10.3
2015-4,2015,4,0.57,0.0,52,35,8.3
2015-5,2015,5,0.00,0.0,50,17,22.1
2015-6,2015,6,0.02,0.2,18,15,8.7
2015-7,2015,7,0.00,0.0,26,4,15.7
2015-8,2015,8,0.00,0.0,19,-1,14.3
2015-9,2015,9,0.01,0.2,30,19,14.3
2015-10,2015,10,0.00,0.0,24,17,11.6
2015-11,2015,11,0.00,0.0,33,15,9.6
2015-12,2015,12,0.20,0.0,38,33,9.4
2015-13,2015,13,0.00,0.0,35,15,10.5
2015-14,2015,14,0.00,0.0,25,14,8.7
2015-15,2015,15,0.12,0.8,31,25,9.6
2015-16,2015,16,0.00,0.0,38,15,15.7
2015-17,2015,17,0.00,0.0,22,9,11.0
2015-18,2015,18,0.15,0.0,51,20,9.8
2015-19,2015,19,0.00,0.0,46,32,15.2
2015-20,2015,20,0.00,0.0,39,27,13.4
2015-21,2015,21,0.00,0.0,34,22,6.7
2015-22,2015,22,0.00,0.0,37,29,6.9
2015-23,2015,23,0.00,0.0,37,24,10.3
2015-24,2015,24,0.71,5.1,34,31,10.3
2015-25,2015,25,0.00,0.0,38,19,14.3
2015-26,2015,26,0.10,2.3,29,11,16.3
2015-27,2015,27,0.95,22.1,19,14,22.1
2015-28,2015,28,0.01,0.2,24,13,12.8
2015-29,2015,29,0.00,0.0,32,10,4.3
2015-30,2015,30,0.06,0.7,34,19,11.9
2015-31,2015,31,0.05,1.3,21,11,21.9
2015-32,2015,32,0.00,0.0,30,12,11.9
2015-33,2015,33,0.78,16.2,31,10,18.1
2015-34,2015,34,0.00,0.0,22,6,13.0
2015-35,2015,35,0.01,0.0,38,14,9.4
2015-36,2015,36,0.09,0.8,36,7,14.8
2015-37,2015,37,0.00,0.0,21,5,11.4
2015-38,2015,38,0.07,0.9,29,16,10.7
2015-39,2015,39,0.37,7.4,29,13,13.4
2015-40,2015,40,0.88,14.8,25,14,15.0
2015-41,2015,41,0.05,0.7,30,14,11.2
2015-42,2015,42,0.01,0.5,25,14,11.6
2015-43,2015,43,0.03,1.0,30,16,5.4
2015-44,2015,44,0.00,0.0,22,7,15.4
2015-45,2015,45,0.23,3.2,30,3,9.6
2015-46,2015,46,0.39,13.0,20,-2,20.8
2015-47,2015,47,0.00,0.0,19,-3,19.7
2015-48,2015,48,0.02,0.6,23,10,7.8
2015-49,2015,49,0.01,0.0,29,17,5.4
2015-50,2015,50,0.06,2.4,30,10,14.1
2015-51,2015,51,0.00,0.0,20,5,18.6
2015-52,2015,52,0.17,1.1,34,4,11.2
2015-53,2015,53,0.11,0.1,39,28,5.1
2015-54,2015,54,0.00,0.0,33,4,14.5
2015-55,2015,55,0.00,0.0,19,2,9.4
2015-56,2015,56,0.07,1.9,35,14,10.7
2015-57,2015,57,0.02,0.2,22,17,9.2
2015-58,2015,58,0.00,0.0,27,15,8.3
2015-59,2015,59,0.00,0.0,31,12,8.7
2015-60,2015,60,0.17,1.9,30,12,6.0
2015-61,2015,61,0.01,0.2,37,26,14.3
2015-62,2015,62,0.26,1.6,33,20,10.1
2015-63,2015,63,0.02,0.0,43,33,11.4
2015-64,2015,64,0.00,0.0,39,18,11.9
2015-65,2015,65,0.00,0.0,24,9,10.5
2015-66,2015,66,0.00,0.0,38,17,10.7
2015-67,2015,67,0.00,0.0,42,24,8.5
2015-68,2015,68,0.00,0.0,48,26,10.1
2015-69,2015,69,0.06,0.0,48,31,6.7
2015-70,2015,70,0.01,0.0,57,37,11.6
2015-71,2015,71,0.00,0.0,43,25,17.0
2015-72,2015,72,0.00,0.0,40,24,10.5
2015-73,2015,73,0.80,0.0,39,31,8.1
2015-74,2015,74,0.27,2.9,41,27,13.9
2015-75,2015,75,0.00,0.0,45,26,8.7
2015-76,2015,76,0.14,0.0,51,28,14.3
2015-77,2015,77,0.00,0.0,30,22,21.7
2015-78,2015,78,0.00,0.0,34,19,15.7
2015-79,2015,79,0.05,0.5,32,23,3.6
2015-80,2015,80,0.09,1.2,41,28,6.5
2015-81,2015,81,0.00,0.0,39,21,17.9
2015-82,2015,82,0.00,0.0,33,18,15.2
2015-83,2015,83,0.00,0.0,35,20,7.6
2015-84,2015,84,0.04,0.0,49,28,8.9
2015-85,2015,85,0.80,0.0,56,38,8.7
2015-86,2015,86,0.21,0.0,44,37,5.4
2015-87,2015,87,0.12,0.3,40,30,12.5
2015-88,2015,88,0.00,0.0,42,26,9.4
2015-89,2015,89,0.00,0.0,45,30,13.0
2015-90,2015,90,0.00,0.0,50,37,12.3
2015-91,2015,91,0.00,0.0,47,30,10.1
2015-92,2015,92,0.00,0.0,61,30,12.8
2015-93,2015,93,0.03,0.0,59,45,12.1
2015-94,2015,94,0.39,0.0,52,36,16.3
2015-95,2015,95,0.00,0.0,49,32,15.0
2015-96,2015,96,0.00,0.0,42,36,8.7
2015-97,2015,97,0.03,0.0,42,36,8.1
2015-98,2015,98,0.26,0.0,42,34,16.8
2015-99,2015,99,0.09,0.0,37,33,16.6
2015-100,2015,100,0.09,0.0,55,36,8.1
2015-101,2015,101,0.00,0.0,57,42,17.0
2015-102,2015,102,0.00,0.0,68,39,8.9
2015-103,2015,103,0.00,0.0,69,41,12.3
2015-104,2015,104,0.01,0.0,65,52,11.0
2015-105,2015,105,0.00,0.0,67,50,11.6
2015-106,2015,106,0.00,0.0,60,41,10.1
2015-107,2015,107,0.06,0.0,65,47,13.2
2015-108,2015,108,0.00,0.0,60,43,8.7
2015-109,2015,109,0.00,0.0,50,41,11.4
2015-110,2015,110,0.61,0.0,51,41,13.9
2015-111,2015,111,0.54,0.0,65,46,9.6
2015-112,2015,112,0.00,0.0,67,43,14.8
2015-113,2015,113,0.00,0.0,51,38,15.9
2015-114,2015,114,0.00,0.0,50,37,15.4
2015-115,2015,115,0.00,0.0,56,36,10.5
2015-116,2015,116,0.00,0.0,56,43,6.5
2015-117,2015,117,0.10,0.0,57,45,11.4
2015-118,2015,118,0.07,0.0,64,42,14.3
2015-119,2015,119,0.00,0.0,54,48,8.7
2015-120,2015,120,0.00,0.0,55,44,8.9
2015-121,2015,121,0.00,0.0,49,39,7.8
2015-122,2015,122,0.00,0.0,50,39,6.9
2015-123,2015,123,0.00,0.0,67,45,8.5
2015-124,2015,124,0.00,0.0,84,49,13.2
2015-125,2015,125,0.02,0.0,70,54,9.6
2015-126,2015,126,0.00,0.0,73,52,9.4
2015-127,2015,127,0.00,0.0,79,53,10.5
2015-128,2015,128,0.00,0.0,71,46,11.6
2015-129,2015,129,0.00,0.0,71,46,7.6
2015-130,2015,130,0.00,0.0,89,59,13.4
2015-131,2015,131,0.00,0.0,80,50,9.6
2015-132,2015,132,0.02,0.0,87,48,9.2
2015-133,2015,133,0.00,0.0,69,53,14.3
2015-134,2015,134,0.00,0.0,69,49,9.4
2015-135,2015,135,0.00,0.0,67,48,6.5
2015-136,2015,136,0.00,0.0,71,55,7.8
2015-137,2015,137,0.00,0.0,67,52,7.8
2015-138,2015,138,0.00,0.0,58,49,10.3
2015-139,2015,139,0.27,0.0,65,52,9.8
2015-140,2015,140,0.00,0.0,66,51,13.9
2015-141,2015,141,0.00,0.0,67,45,9.6
2015-142,2015,142,0.00,0.0,76,52,13.0
2015-143,2015,143,0.00,0.0,65,44,13.2
2015-144,2015,144,0.00,0.0,83,51,15.7
2015-145,2015,145,0.00,0.0,81,58,10.7
2015-146,2015,146,0.00,0.0,87,64,16.3
2015-147,2015,147,0.00,0.0,85,65,16.1
2015-148,2015,148,0.00,0.0,86,64,13.2
2015-149,2015,149,0.00,0.0,72,55,8.1
2015-150,2015,150,0.00,0.0,88,58,14.5
2015-151,2015,151,0.91,0.0,77,48,13.9
2015-152,2015,152,0.38,0.0,49,47,13.6
2015-153,2015,153,0.74,0.0,49,46,11.2
2015-154,2015,154,0.00,0.0,56,47,6.9
2015-155,2015,155,0.00,0.0,58,49,6.3
2015-156,2015,156,0.00,0.0,59,50,7.6
2015-157,2015,157,0.09,0.0,67,52,6.9
2015-158,2015,158,0.00,0.0,67,53,10.7
2015-159,2015,159,0.00,0.0,76,53,16.6
2015-160,2015,160,0.00,0.0,78,64,13.2
2015-161,2015,161,0.00,0.0,82,62,11.0
2015-162,2015,162,0.00,0.0,88,64,13.6
2015-163,2015,163,0.00,0.0,79,65,8.9
2015-164,2015,164,0.00,0.0,85,64,8.5
2015-165,2015,165,0.00,0.0,74,62,9.6
2015-166,2015,166,0.40,0.0,63,54,9.2
2015-167,2015,167,0.00,0.0,71,56,4.7
2015-168,2015,168,0.00,0.0,69,59,9.8
2015-169,2015,169,0.00,0.0,76,57,10.3
2015-170,2015,170,0.00,0.0,86,63,9.6
2015-171,2015,171,0.04,0.0,75,58,9.2
2015-172,2015,172,1.72,0.0,76,60,6.0
2015-173,2015,173,0.00,0.0,77,61,5.8
2015-174,2015,174,0.01,0.0,88,60,11.4
2015-175,2015,175,0.00,0.0,84,67,11.2
2015-176,2015,176,0.00,0.0,81,64,7.2
2015-177,2015,177,0.00,0.0,72,59,8.5
2015-178,2015,178,0.20,0.0,68,57,7.2
2015-179,2015,179,1.43,0.0,59,52,17.9
2015-180,2015,180,0.00,0.0,75,53,6.9
2015-181,2015,181,0.00,0.0,75,60,6.9
2015-182,2015,182,0.54,0.0,82,62,11.2
2015-183,2015,183,0.00,0.0,80,64,9.2
2015-184,2015,184,0.00,0.0,76,63,8.5
2015-185,2015,185,0.00,0.0,72,62,4.5
2015-186,2015,186,0.00,0.0,83,61,8.1
2015-187,2015,187,0.00,0.0,80,68,7.2
2015-188,2015,188,0.02,0.0,84,65,10.5
2015-189,2015,189,0.00,0.0,88,69,11.2
2015-190,2015,190,0.15,0.0,69,63,8.1
2015-191,2015,191,1.12,0.0,77,60,7.6
2015-192,2015,192,0.00,0.0,83,68,8.5
2015-193,2015,193,0.00,0.0,89,72,8.9
2015-194,2015,194,0.00,0.0,77,67,6.5
2015-195,2015,195,0.03,0.0,82,65,8.1
2015-196,2015,196,0.00,0.0,82,67,7.4
2015-197,2015,197,0.00,0.0,68,59,11.2
2015-198,2015,198,0.00,0.0,75,60,9.2
2015-199,2015,199,0.14,0.0,78,64,11.0
2015-200,2015,200,0.00,0.0,90,71,9.4
2015-201,2015,201,0.00,0.0,92,70,9.2
2015-202,2015,202,0.00,0.0,81,70,6.5
2015-203,2015,203,0.00,0.0,84,69,11.6
2015-204,2015,204,0.00,0.0,82,67,7.4
2015-205,2015,205,0.01,0.0,81,66,8.7
2015-206,2015,206,0.00,0.0,69,62,8.7
2015-207,2015,207,0.00,0.0,79,63,8.3
2015-208,2015,208,0.06,0.0,86,68,8.1
2015-209,2015,209,0.00,0.0,86,70,8.1
2015-210,2015,210,0.00,0.0,92,71,7.4
2015-211,2015,211,0.02,0.0,91,74,14.3
2015-212,2015,212,0.00,0.0,89,73,11.2
2015-213,2015,213,0.00,0.0,90,68,10.5
2015-214,2015,214,0.00,0.0,88,68,11.4
2015-215,2015,215,0.00,0.0,90,68,12.8
2015-216,2015,216,0.49,0.0,89,66,9.4
2015-217,2015,217,0.00,0.0,85,65,10.5
2015-218,2015,218,0.00,0.0,82,65,9.2
2015-219,2015,219,0.00,0.0,73,64,7.8
2015-220,2015,220,0.00,0.0,76,61,6.3
2015-221,2015,221,0.00,0.0,73,62,8.7
2015-222,2015,222,0.00,0.0,83,63,10.3
2015-223,2015,223,0.83,0.0,72,64,9.6
2015-224,2015,224,0.00,0.0,85,68,8.9
2015-225,2015,225,0.00,0.0,82,66,8.1
2015-226,2015,226,0.00,0.0,86,63,9.2
2015-227,2015,227,0.08,0.0,91,68,7.6
2015-228,2015,228,0.00,0.0,90,67,6.7
2015-229,2015,229,0.00,0.0,91,71,7.8
2015-230,2015,230,0.14,0.0,87,71,8.1
2015-231,2015,231,0.00,0.0,88,71,8.7
2015-232,2015,232,0.00,0.0,78,68,10.7
2015-233,2015,233,0.63,0.0,83,67,5.8
2015-234,2015,234,0.00,0.0,73,67,6.9
2015-235,2015,235,0.02,0.0,71,67,8.1
2015-236,2015,236,0.00,0.0,75,68,6.0
2015-237,2015,237,0.00,0.0,81,67,8.5
2015-238,2015,238,0.00,0.0,85,69,7.8
2015-239,2015,239,0.00,0.0,82,65,10.1
2015-240,2015,240,0.00,0.0,75,64,7.6
2015-241,2015,241,0.00,0.0,82,63,7.4
2015-242,2015,242,0.00,0.0,88,69,8.9
2015-243,2015,243,0.00,0.0,90,71,11.2
2015-244,2015,244,0.00,0.0,79,69,9.4
2015-245,2015,245,0.00,0.0,91,66,9.2
2015-246,2015,246,0.01,0.0,82,70,5.6
2015-247,2015,247,0.00,0.0,72,62,10.7
2015-248,2015,248,0.00,0.0,73,58,7.2
2015-249,2015,249,0.00,0.0,82,61,9.6
2015-250,2015,250,0.00,0.0,93,66,11.9
2015-251,2015,251,0.20,0.0,96,72,7.4
2015-252,2015,252,0.00,0.0,93,72,12.8
2015-253,2015,253,0.17,0.0,77,64,11.0
2015-254,2015,254,0.66,0.0,73,63,9.8
2015-255,2015,255,0.01,0.0,71,60,6.5
2015-256,2015,256,0.38,0.0,66,63,9.6
2015-257,2015,257,0.00,0.0,72,57,15.2
2015-258,2015,258,0.00,0.0,84,62,10.7
2015-259,2015,259,0.00,0.0,81,65,6.9
2015-260,2015,260,0.00,0.0,89,64,7.4
2015-261,2015,261,0.00,0.0,85,65,7.6
2015-262,2015,262,0.00,0.0,79,62,9.6
2015-263,2015,263,0.00,0.0,75,57,11.6
2015-264,2015,264,0.00,0.0,66,53,10.7
2015-265,2015,265,0.00,0.0,68,56,9.4
2015-266,2015,266,0.00,0.0,68,54,5.6
2015-267,2015,267,0.00,0.0,74,58,8.5
2015-268,2015,268,0.00,0.0,66,55,8.7
2015-269,2015,269,0.00,0.0,63,50,9.6
2015-270,2015,270,0.00,0.0,64,48,6.9
2015-271,2015,271,0.00,0.0,78,56,6.7
2015-272,2015,272,0.04,0.0,84,65,9.2
2015-273,2015,273,2.46,0.0,78,57,13.0
2015-274,2015,274,0.00,0.0,59,54,17.2
2015-275,2015,275,0.08,0.0,54,50,20.4
2015-276,2015,276,0.01,0.0,54,49,22.4
2015-277,2015,277,0.00,0.0,56,51,18.1
2015-278,2015,278,0.00,0.0,61,48,9.2
2015-279,2015,279,0.00,0.0,64,48,5.6
2015-280,2015,280,0.00,0.0,72,52,7.2
2015-281,2015,281,0.00,0.0,62,51,8.7
2015-282,2015,282,0.34,0.0,72,52,14.8
2015-283,2015,283,0.00,0.0,61,48,9.8
2015-284,2015,284,0.00,0.0,68,48,13.9
2015-285,2015,285,0.00,0.0,76,51,7.6
2015-286,2015,286,0.12,0.0,72,55,7.6
2015-287,2015,287,0.00,0.0,68,51,12.5
2015-288,2015,288,0.00,0.0,62,47,8.7
2015-289,2015,289,0.00,0.0,61,50,11.9
2015-290,2015,290,0.00,0.0,56,40,11.9
2015-291,2015,291,0.00,0.0,47,33,11.4
2015-292,2015,292,0.00,0.0,48,31,10.7
2015-293,2015,293,0.00,0.0,66,45,11.6
2015-294,2015,294,0.07,0.0,61,53,6.3
2015-295,2015,295,0.00,0.0,73,52,11.0
2015-296,2015,296,0.00,0.0,59,40,13.4
2015-297,2015,297,0.00,0.0,49,38,5.8
2015-298,2015,298,0.03,0.0,63,48,11.6
2015-299,2015,299,0.00,0.0,52,43,8.5
2015-300,2015,300,0.00,0.0,54,38,5.8
2015-301,2015,301,0.36,0.0,65,42,17.0
2015-302,2015,302,0.73,0.0,75,57,17.0
2015-303,2015,303,0.00,0.0,61,42,13.0
2015-304,2015,304,0.00,0.0,52,38,6.9
2015-305,2015,305,0.00,0.0,62,48,10.7
2015-306,2015,306,0.00,0.0,64,51,7.2
2015-307,2015,307,0.00,0.0,73,47,7.6
2015-308,2015,308,0.00,0.0,60,49,6.7
2015-309,2015,309,0.00,0.0,76,50,11.9
2015-310,2015,310,0.00,0.0,73,62,14.5
2015-311,2015,311,0.00,0.0,69,50,13.2
2015-312,2015,312,0.00,0.0,56,44,11.4
2015-313,2015,313,0.00,0.0,60,41,8.9
2015-314,2015,314,0.07,0.0,53,44,7.6
2015-315,2015,315,0.54,0.0,50,46,16.1
2015-316,2015,316,0.04,0.0,57,46,7.4
2015-317,2015,317,0.01,0.0,59,46,17.9
2015-318,2015,318,0.00,0.0,47,37,16.1
2015-319,2015,319,0.00,0.0,54,37,9.6
2015-320,2015,320,0.00,0.0,61,39,10.7
2015-321,2015,321,0.00,0.0,45,33,6.7
2015-322,2015,322,0.00,0.0,48,31,6.3
2015-323,2015,323,0.00,0.0,55,43,8.9
2015-324,2015,324,0.86,0.0,61,44,12.8
2015-325,2015,325,0.00,0.0,48,38,7.6
2015-326,2015,326,0.30,0.0,49,36,7.2
2015-327,2015,327,0.04,0.0,42,30,13.4
2015-328,2015,328,0.00,0.0,44,29,8.1
2015-329,2015,329,0.00,0.0,44,30,6.0
2015-330,2015,330,0.00,0.0,59,38,9.6
2015-331,2015,331,0.00,0.0,64,48,14.3
2015-332,2015,332,0.21,0.0,60,41,9.6
2015-333,2015,333,0.00,0.0,44,32,9.6
2015-334,2015,334,0.00,0.0,38,28,8.7
2015-335,2015,335,0.14,0.0,45,32,6.0
2015-336,2015,336,0.32,0.0,51,39,3.8
2015-337,2015,337,0.00,0.0,52,41,14.1
2015-338,2015,338,0.00,0.0,48,38,10.7
2015-339,2015,339,0.00,0.0,53,39,6.7
2015-340,2015,340,0.00,0.0,59,36,8.1
2015-341,2015,341,0.00,0.0,56,37,7.4
2015-342,2015,342,0.00,0.0,44,37,10.5
2015-343,2015,343,0.00,0.0,46,37,7.6
2015-344,2015,344,0.00,0.0,58,43,4.9
2015-345,2015,345,0.00,0.0,58,43,7.8
2015-346,2015,346,0.00,0.0,61,49,7.2
2015-347,2015,347,0.00,0.0,53,46,6.7
2015-348,2015,348,0.42,0.0,58,46,4.3
2015-349,2015,349,0.19,0.0,61,48,14.1
2015-350,2015,350,0.00,0.0,48,38,8.7
2015-351,2015,351,0.55,0.0,52,39,8.1
2015-352,2015,352,0.04,0.0,52,39,10.5
2015-353,2015,353,0.00,0.0,40,33,15.4
2015-354,2015,354,0.00,0.0,41,31,10.3
2015-355,2015,355,0.00,0.0,53,32,16.1
2015-356,2015,356,0.23,0.0,60,48,8.9
2015-357,2015,357,0.76,0.0,56,45,7.4
2015-358,2015,358,0.24,0.0,69,48,8.1
2015-359,2015,359,0.00,0.0,62,49,5.6
2015-360,2015,360,0.00,0.0,55,41,6.7
2015-361,2015,361,0.26,0.0,50,38,6.3
2015-362,2015,362,0.00,0.0,38,29,13.4
2015-363,2015,363,1.02,0.9,40,24,18.1
2015-364,2015,364,0.03,0.0,37,25,6.3
2015-365,2015,365,0.08,0.0,47,33,8.7
